split,image,label,num_boxes,width,height
train,data/preprocessed_detection/train/images/train_102_png.rf.244a01ed596ba76dfd6b3039b9c95d85.jpg,data/preprocessed_detection/train/labels/train_102_png.rf.244a01ed596ba76dfd6b3039b9c95d85.txt,30,2048,911
train,data/preprocessed_detection/train/images/train_102_png.rf.adaefe4ece7b6b4c280498dd25bf5723.jpg,data/preprocessed_detection/train/labels/train_102_png.rf.adaefe4ece7b6b4c280498dd25bf5723.txt,30,2048,911
train,data/preprocessed_detection/train/images/train_102_png.rf.e07d01b309ca32e405f5ab5ede6c64a9.jpg,data/preprocessed_detection/train/labels/train_102_png.rf.e07d01b309ca32e405f5ab5ede6c64a9.txt,30,2048,911
train,data/preprocessed_detection/train/images/train_105_png.rf.9fea4d72f30dbba740d0ce46a89b450a.jpg,data/preprocessed_detection/train/labels/train_105_png.rf.9fea4d72f30dbba740d0ce46a89b450a.txt,28,1976,976
train,data/preprocessed_detection/train/images/train_105_png.rf.b8b85c511766d71d1aa785ddd35c6e87.jpg,data/preprocessed_detection/train/labels/train_105_png.rf.b8b85c511766d71d1aa785ddd35c6e87.txt,28,1976,976
train,data/preprocessed_detection/train/images/train_105_png.rf.d1ef192a8cf93bc3b77c116d91060b74.jpg,data/preprocessed_detection/train/labels/train_105_png.rf.d1ef192a8cf93bc3b77c116d91060b74.txt,28,1976,976
train,data/preprocessed_detection/train/images/train_106_png.rf.173c876458f173e991ccd499044b88b8.jpg,data/preprocessed_detection/train/labels/train_106_png.rf.173c876458f173e991ccd499044b88b8.txt,29,2048,932
train,data/preprocessed_detection/train/images/train_106_png.rf.30c0fba4566094da8b669cd05d7bb8b2.jpg,data/preprocessed_detection/train/labels/train_106_png.rf.30c0fba4566094da8b669cd05d7bb8b2.txt,29,2048,932
train,data/preprocessed_detection/train/images/train_106_png.rf.bfa75375e33784443994e4b2b9e9ffec.jpg,data/preprocessed_detection/train/labels/train_106_png.rf.bfa75375e33784443994e4b2b9e9ffec.txt,29,2048,932
train,data/preprocessed_detection/train/images/train_107_png.rf.949ec5c1db7db7b323b3cb69dd554798.jpg,data/preprocessed_detection/train/labels/train_107_png.rf.949ec5c1db7db7b323b3cb69dd554798.txt,31,2048,942
train,data/preprocessed_detection/train/images/train_107_png.rf.9b15b85d6d35e03b375244a5d2a2aa77.jpg,data/preprocessed_detection/train/labels/train_107_png.rf.9b15b85d6d35e03b375244a5d2a2aa77.txt,31,2048,942
train,data/preprocessed_detection/train/images/train_107_png.rf.b459999b6840770218597f3ebcef7e23.jpg,data/preprocessed_detection/train/labels/train_107_png.rf.b459999b6840770218597f3ebcef7e23.txt,31,2048,942
train,data/preprocessed_detection/train/images/train_108_png.rf.79adb6b60bbc2cf7803ef8279fe34c10.jpg,data/preprocessed_detection/train/labels/train_108_png.rf.79adb6b60bbc2cf7803ef8279fe34c10.txt,27,2048,947
train,data/preprocessed_detection/train/images/train_108_png.rf.c0b7887a1746101ae145dcbcb35769f5.jpg,data/preprocessed_detection/train/labels/train_108_png.rf.c0b7887a1746101ae145dcbcb35769f5.txt,27,2048,947
train,data/preprocessed_detection/train/images/train_108_png.rf.d945741ddbffac19976df74acd8fe161.jpg,data/preprocessed_detection/train/labels/train_108_png.rf.d945741ddbffac19976df74acd8fe161.txt,27,2048,947
train,data/preprocessed_detection/train/images/train_109_png.rf.45722fc2d9a431e329efca282760121a.jpg,data/preprocessed_detection/train/labels/train_109_png.rf.45722fc2d9a431e329efca282760121a.txt,22,2048,943
train,data/preprocessed_detection/train/images/train_109_png.rf.735444a0eb9682b5a15a1f3be4a559a1.jpg,data/preprocessed_detection/train/labels/train_109_png.rf.735444a0eb9682b5a15a1f3be4a559a1.txt,22,2048,943
train,data/preprocessed_detection/train/images/train_109_png.rf.9e5ee097b77e1d1fae5276d126f36c50.jpg,data/preprocessed_detection/train/labels/train_109_png.rf.9e5ee097b77e1d1fae5276d126f36c50.txt,22,2048,943
train,data/preprocessed_detection/train/images/train_10_png.rf.4d532a81164e4c2aba4817054dcdaa97.jpg,data/preprocessed_detection/train/labels/train_10_png.rf.4d532a81164e4c2aba4817054dcdaa97.txt,28,2048,927
train,data/preprocessed_detection/train/images/train_10_png.rf.ae24c93149c61c588896b9fb23ad691b.jpg,data/preprocessed_detection/train/labels/train_10_png.rf.ae24c93149c61c588896b9fb23ad691b.txt,28,2048,927
train,data/preprocessed_detection/train/images/train_10_png.rf.bf0a9c46292b30fdcddfd0686ca5c600.jpg,data/preprocessed_detection/train/labels/train_10_png.rf.bf0a9c46292b30fdcddfd0686ca5c600.txt,28,2048,927
train,data/preprocessed_detection/train/images/train_110_png.rf.2286c9ff8b7d0b0a720381d8cf130f19.jpg,data/preprocessed_detection/train/labels/train_110_png.rf.2286c9ff8b7d0b0a720381d8cf130f19.txt,32,2048,908
train,data/preprocessed_detection/train/images/train_110_png.rf.c885ccbc9ea07b41557a821cb042b626.jpg,data/preprocessed_detection/train/labels/train_110_png.rf.c885ccbc9ea07b41557a821cb042b626.txt,32,2048,908
train,data/preprocessed_detection/train/images/train_110_png.rf.e6a304544bcf26d4c6940a634c277716.jpg,data/preprocessed_detection/train/labels/train_110_png.rf.e6a304544bcf26d4c6940a634c277716.txt,32,2048,908
train,data/preprocessed_detection/train/images/train_111_png.rf.175b257c43aa1a530eada125899b63e4.jpg,data/preprocessed_detection/train/labels/train_111_png.rf.175b257c43aa1a530eada125899b63e4.txt,32,2047,910
train,data/preprocessed_detection/train/images/train_111_png.rf.9cae1a51feb67935e08454dcb62703cc.jpg,data/preprocessed_detection/train/labels/train_111_png.rf.9cae1a51feb67935e08454dcb62703cc.txt,32,2047,910
train,data/preprocessed_detection/train/images/train_111_png.rf.f961f14e66bee8e74d8c1e0392ef795c.jpg,data/preprocessed_detection/train/labels/train_111_png.rf.f961f14e66bee8e74d8c1e0392ef795c.txt,32,2047,910
train,data/preprocessed_detection/train/images/train_112_png.rf.3801f6443f4fff677ecb805ed5f707d6.jpg,data/preprocessed_detection/train/labels/train_112_png.rf.3801f6443f4fff677ecb805ed5f707d6.txt,32,2047,924
train,data/preprocessed_detection/train/images/train_112_png.rf.41d73b69483214d51e0693227298b708.jpg,data/preprocessed_detection/train/labels/train_112_png.rf.41d73b69483214d51e0693227298b708.txt,32,2047,924
train,data/preprocessed_detection/train/images/train_112_png.rf.b1476e7e3cf56f9bc71fedc10d644f81.jpg,data/preprocessed_detection/train/labels/train_112_png.rf.b1476e7e3cf56f9bc71fedc10d644f81.txt,32,2047,924
train,data/preprocessed_detection/train/images/train_113_png.rf.6dbc3d8bd44cc8a516dc426f45a2a491.jpg,data/preprocessed_detection/train/labels/train_113_png.rf.6dbc3d8bd44cc8a516dc426f45a2a491.txt,31,2048,988
train,data/preprocessed_detection/train/images/train_113_png.rf.d7dd8e2c3fe238a8177b70abc0eba653.jpg,data/preprocessed_detection/train/labels/train_113_png.rf.d7dd8e2c3fe238a8177b70abc0eba653.txt,31,2048,988
train,data/preprocessed_detection/train/images/train_113_png.rf.e1bad1d3643e99b6e2fdc35aa4b4f872.jpg,data/preprocessed_detection/train/labels/train_113_png.rf.e1bad1d3643e99b6e2fdc35aa4b4f872.txt,31,2048,988
train,data/preprocessed_detection/train/images/train_114_png.rf.4b356dc940806e741235cae23992d2b7.jpg,data/preprocessed_detection/train/labels/train_114_png.rf.4b356dc940806e741235cae23992d2b7.txt,30,2048,901
train,data/preprocessed_detection/train/images/train_114_png.rf.df8a830ca1c7283f24a8abad242a13df.jpg,data/preprocessed_detection/train/labels/train_114_png.rf.df8a830ca1c7283f24a8abad242a13df.txt,30,2048,901
train,data/preprocessed_detection/train/images/train_114_png.rf.f8c116ce2e243b5e4a7e5d7be73882e6.jpg,data/preprocessed_detection/train/labels/train_114_png.rf.f8c116ce2e243b5e4a7e5d7be73882e6.txt,30,2048,901
train,data/preprocessed_detection/train/images/train_117_png.rf.37e0fef9cef98a4305e25c992333d775.jpg,data/preprocessed_detection/train/labels/train_117_png.rf.37e0fef9cef98a4305e25c992333d775.txt,28,2048,932
train,data/preprocessed_detection/train/images/train_117_png.rf.9f20b481acbaa1eb1d3939b74d308dc0.jpg,data/preprocessed_detection/train/labels/train_117_png.rf.9f20b481acbaa1eb1d3939b74d308dc0.txt,28,2048,932
train,data/preprocessed_detection/train/images/train_117_png.rf.a705ad94f9e8df821c1c654366e19b60.jpg,data/preprocessed_detection/train/labels/train_117_png.rf.a705ad94f9e8df821c1c654366e19b60.txt,28,2048,932
train,data/preprocessed_detection/train/images/train_119_png.rf.039fef9d293925a59b786ae40a682a29.jpg,data/preprocessed_detection/train/labels/train_119_png.rf.039fef9d293925a59b786ae40a682a29.txt,20,2048,955
train,data/preprocessed_detection/train/images/train_119_png.rf.196cbda09f16501228de03857aef50a4.jpg,data/preprocessed_detection/train/labels/train_119_png.rf.196cbda09f16501228de03857aef50a4.txt,20,2048,955
train,data/preprocessed_detection/train/images/train_119_png.rf.a37fb728568c902013a641f56b90ac60.jpg,data/preprocessed_detection/train/labels/train_119_png.rf.a37fb728568c902013a641f56b90ac60.txt,20,2048,955
train,data/preprocessed_detection/train/images/train_121_png.rf.624b78dd5b0b207e17ac29fa6b7d7cee.jpg,data/preprocessed_detection/train/labels/train_121_png.rf.624b78dd5b0b207e17ac29fa6b7d7cee.txt,21,2048,1073
train,data/preprocessed_detection/train/images/train_121_png.rf.990bbcb9842b92ea21f366801148a6fc.jpg,data/preprocessed_detection/train/labels/train_121_png.rf.990bbcb9842b92ea21f366801148a6fc.txt,21,2048,1073
train,data/preprocessed_detection/train/images/train_121_png.rf.d3feaa8576c1a84f95d0c3fe050d891d.jpg,data/preprocessed_detection/train/labels/train_121_png.rf.d3feaa8576c1a84f95d0c3fe050d891d.txt,21,2048,1073
train,data/preprocessed_detection/train/images/train_123_png.rf.19a5d8174d50300f23b31a03d5834416.jpg,data/preprocessed_detection/train/labels/train_123_png.rf.19a5d8174d50300f23b31a03d5834416.txt,25,2048,934
train,data/preprocessed_detection/train/images/train_123_png.rf.6668445455c7b970f15f63fc52eae584.jpg,data/preprocessed_detection/train/labels/train_123_png.rf.6668445455c7b970f15f63fc52eae584.txt,25,2048,934
train,data/preprocessed_detection/train/images/train_123_png.rf.85bfacf31207c703752907d82e4cbe2c.jpg,data/preprocessed_detection/train/labels/train_123_png.rf.85bfacf31207c703752907d82e4cbe2c.txt,25,2048,934
train,data/preprocessed_detection/train/images/train_124_png.rf.358442668937197a98e5aad6f7c25f6f.jpg,data/preprocessed_detection/train/labels/train_124_png.rf.358442668937197a98e5aad6f7c25f6f.txt,29,2048,969
train,data/preprocessed_detection/train/images/train_124_png.rf.6e920ddc4be8b8fab7e5ba5e1d947065.jpg,data/preprocessed_detection/train/labels/train_124_png.rf.6e920ddc4be8b8fab7e5ba5e1d947065.txt,29,2048,969
train,data/preprocessed_detection/train/images/train_124_png.rf.994b7c8f879c3ed796fbab3d7ae88378.jpg,data/preprocessed_detection/train/labels/train_124_png.rf.994b7c8f879c3ed796fbab3d7ae88378.txt,29,2048,969
train,data/preprocessed_detection/train/images/train_126_png.rf.001f8db3a7c0cd2893122d39c7fb3c2b.jpg,data/preprocessed_detection/train/labels/train_126_png.rf.001f8db3a7c0cd2893122d39c7fb3c2b.txt,26,2048,920
train,data/preprocessed_detection/train/images/train_126_png.rf.215ab198815c7788b0160d540f4e06fa.jpg,data/preprocessed_detection/train/labels/train_126_png.rf.215ab198815c7788b0160d540f4e06fa.txt,26,2048,920
train,data/preprocessed_detection/train/images/train_126_png.rf.828206ac20dd8c30475b793bf3008955.jpg,data/preprocessed_detection/train/labels/train_126_png.rf.828206ac20dd8c30475b793bf3008955.txt,26,2048,920
train,data/preprocessed_detection/train/images/train_127_png.rf.35d5941e6a9bafba91f01bae73796650.jpg,data/preprocessed_detection/train/labels/train_127_png.rf.35d5941e6a9bafba91f01bae73796650.txt,32,1976,976
train,data/preprocessed_detection/train/images/train_127_png.rf.82477cb448dc07c90fa07dc8ad46a1bd.jpg,data/preprocessed_detection/train/labels/train_127_png.rf.82477cb448dc07c90fa07dc8ad46a1bd.txt,32,1976,976
train,data/preprocessed_detection/train/images/train_127_png.rf.d5f26232abe5de6175d7176afa6542e1.jpg,data/preprocessed_detection/train/labels/train_127_png.rf.d5f26232abe5de6175d7176afa6542e1.txt,32,1976,976
train,data/preprocessed_detection/train/images/train_128_png.rf.3e6297c7d7fc47fbcdd6e13618c73995.jpg,data/preprocessed_detection/train/labels/train_128_png.rf.3e6297c7d7fc47fbcdd6e13618c73995.txt,28,2048,918
train,data/preprocessed_detection/train/images/train_128_png.rf.452cc142258084b5e424d75ad6016d57.jpg,data/preprocessed_detection/train/labels/train_128_png.rf.452cc142258084b5e424d75ad6016d57.txt,28,2048,918
train,data/preprocessed_detection/train/images/train_128_png.rf.5cd58b428bde0b555c45859f3d23a1df.jpg,data/preprocessed_detection/train/labels/train_128_png.rf.5cd58b428bde0b555c45859f3d23a1df.txt,28,2048,918
train,data/preprocessed_detection/train/images/train_12_png.rf.5a4a921f00474acedb906b793609afb8.jpg,data/preprocessed_detection/train/labels/train_12_png.rf.5a4a921f00474acedb906b793609afb8.txt,27,2048,1073
train,data/preprocessed_detection/train/images/train_12_png.rf.a6e56fffd77a8e7014a0ae7a87771aa4.jpg,data/preprocessed_detection/train/labels/train_12_png.rf.a6e56fffd77a8e7014a0ae7a87771aa4.txt,27,2048,1073
train,data/preprocessed_detection/train/images/train_12_png.rf.c3402ae333b82ba75bf0a13ccdd6dc73.jpg,data/preprocessed_detection/train/labels/train_12_png.rf.c3402ae333b82ba75bf0a13ccdd6dc73.txt,27,2048,1073
train,data/preprocessed_detection/train/images/train_130_png.rf.1a50627e69d750dc333d228b85759526.jpg,data/preprocessed_detection/train/labels/train_130_png.rf.1a50627e69d750dc333d228b85759526.txt,27,2048,903
train,data/preprocessed_detection/train/images/train_130_png.rf.685a3fe7ee2b3da02267528d8a15b084.jpg,data/preprocessed_detection/train/labels/train_130_png.rf.685a3fe7ee2b3da02267528d8a15b084.txt,27,2048,903
train,data/preprocessed_detection/train/images/train_130_png.rf.a302d3670eaa47f25a619d0d8c990580.jpg,data/preprocessed_detection/train/labels/train_130_png.rf.a302d3670eaa47f25a619d0d8c990580.txt,27,2048,903
train,data/preprocessed_detection/train/images/train_131_png.rf.50fb51b72a39d31d6cd27ff2f843370c.jpg,data/preprocessed_detection/train/labels/train_131_png.rf.50fb51b72a39d31d6cd27ff2f843370c.txt,27,2048,931
train,data/preprocessed_detection/train/images/train_131_png.rf.5a883c7f2759bd38150a8bd78e28728e.jpg,data/preprocessed_detection/train/labels/train_131_png.rf.5a883c7f2759bd38150a8bd78e28728e.txt,27,2048,931
train,data/preprocessed_detection/train/images/train_131_png.rf.d0a5ca18680626d2430998334a2e6cad.jpg,data/preprocessed_detection/train/labels/train_131_png.rf.d0a5ca18680626d2430998334a2e6cad.txt,27,2048,931
train,data/preprocessed_detection/train/images/train_132_png.rf.03cba40e33be9a19fafa0aecc80f67d5.jpg,data/preprocessed_detection/train/labels/train_132_png.rf.03cba40e33be9a19fafa0aecc80f67d5.txt,21,2048,932
train,data/preprocessed_detection/train/images/train_132_png.rf.600587601eddb1943cb59f809988df87.jpg,data/preprocessed_detection/train/labels/train_132_png.rf.600587601eddb1943cb59f809988df87.txt,21,2048,932
train,data/preprocessed_detection/train/images/train_132_png.rf.db62fee7e51daeb4ac9503ed221ecdc0.jpg,data/preprocessed_detection/train/labels/train_132_png.rf.db62fee7e51daeb4ac9503ed221ecdc0.txt,21,2048,932
train,data/preprocessed_detection/train/images/train_133_png.rf.25591e4068afc4095e287052935b80f0.jpg,data/preprocessed_detection/train/labels/train_133_png.rf.25591e4068afc4095e287052935b80f0.txt,24,2048,897
train,data/preprocessed_detection/train/images/train_133_png.rf.3a6c942eb316cfa672653f907b43b941.jpg,data/preprocessed_detection/train/labels/train_133_png.rf.3a6c942eb316cfa672653f907b43b941.txt,24,2048,897
train,data/preprocessed_detection/train/images/train_133_png.rf.b33fdaead342b9dbdeb6a7bd09010fd8.jpg,data/preprocessed_detection/train/labels/train_133_png.rf.b33fdaead342b9dbdeb6a7bd09010fd8.txt,24,2048,897
train,data/preprocessed_detection/train/images/train_134_png.rf.05357123e57397f116e122c932384721.jpg,data/preprocessed_detection/train/labels/train_134_png.rf.05357123e57397f116e122c932384721.txt,23,2048,908
train,data/preprocessed_detection/train/images/train_134_png.rf.1e0dcdc5244d22dd36982b2f979441fd.jpg,data/preprocessed_detection/train/labels/train_134_png.rf.1e0dcdc5244d22dd36982b2f979441fd.txt,23,2048,908
train,data/preprocessed_detection/train/images/train_134_png.rf.ca5c9c87424cf4fa8dd089e8e3d5c442.jpg,data/preprocessed_detection/train/labels/train_134_png.rf.ca5c9c87424cf4fa8dd089e8e3d5c442.txt,23,2048,908
train,data/preprocessed_detection/train/images/train_136_png.rf.7e19eed6be887f11f9f698b6e4ea5dc6.jpg,data/preprocessed_detection/train/labels/train_136_png.rf.7e19eed6be887f11f9f698b6e4ea5dc6.txt,29,2048,902
train,data/preprocessed_detection/train/images/train_136_png.rf.8ccbd73211e5921f78c009202423a789.jpg,data/preprocessed_detection/train/labels/train_136_png.rf.8ccbd73211e5921f78c009202423a789.txt,29,2048,902
train,data/preprocessed_detection/train/images/train_136_png.rf.e6162bc0af8e8e09fa6a31a69c7339ea.jpg,data/preprocessed_detection/train/labels/train_136_png.rf.e6162bc0af8e8e09fa6a31a69c7339ea.txt,29,2048,902
train,data/preprocessed_detection/train/images/train_137_png.rf.6ec8be58a26250621d09aa2b9f7319de.jpg,data/preprocessed_detection/train/labels/train_137_png.rf.6ec8be58a26250621d09aa2b9f7319de.txt,31,2048,913
train,data/preprocessed_detection/train/images/train_137_png.rf.a5bcaefcf515b568d094de360a68dd12.jpg,data/preprocessed_detection/train/labels/train_137_png.rf.a5bcaefcf515b568d094de360a68dd12.txt,31,2048,913
train,data/preprocessed_detection/train/images/train_137_png.rf.f382cf83fda694f1a8de15366aa123c2.jpg,data/preprocessed_detection/train/labels/train_137_png.rf.f382cf83fda694f1a8de15366aa123c2.txt,31,2048,913
train,data/preprocessed_detection/train/images/train_139_png.rf.6b5d4067efa4710af7499cdd9960c321.jpg,data/preprocessed_detection/train/labels/train_139_png.rf.6b5d4067efa4710af7499cdd9960c321.txt,30,2048,903
train,data/preprocessed_detection/train/images/train_139_png.rf.a7cc9d3dc3e2bf1f985e5d192ed94356.jpg,data/preprocessed_detection/train/labels/train_139_png.rf.a7cc9d3dc3e2bf1f985e5d192ed94356.txt,30,2048,903
train,data/preprocessed_detection/train/images/train_139_png.rf.f34574c8cf09903c23c1ab240f871c53.jpg,data/preprocessed_detection/train/labels/train_139_png.rf.f34574c8cf09903c23c1ab240f871c53.txt,30,2048,903
train,data/preprocessed_detection/train/images/train_13_png.rf.19e85cfe82b3e9ef0f870f4ea22f3382.jpg,data/preprocessed_detection/train/labels/train_13_png.rf.19e85cfe82b3e9ef0f870f4ea22f3382.txt,30,2048,953
train,data/preprocessed_detection/train/images/train_13_png.rf.410bf0e342c82920be7887553f7124db.jpg,data/preprocessed_detection/train/labels/train_13_png.rf.410bf0e342c82920be7887553f7124db.txt,30,2048,953
train,data/preprocessed_detection/train/images/train_13_png.rf.a88c633ceaa83238cd8de9d1519f7428.jpg,data/preprocessed_detection/train/labels/train_13_png.rf.a88c633ceaa83238cd8de9d1519f7428.txt,30,2048,953
train,data/preprocessed_detection/train/images/train_140_png.rf.44579db5a5d69b2678892c0b4c88e0e3.jpg,data/preprocessed_detection/train/labels/train_140_png.rf.44579db5a5d69b2678892c0b4c88e0e3.txt,31,2048,948
train,data/preprocessed_detection/train/images/train_140_png.rf.ea5640c206efec0d5c80ab636eb6157f.jpg,data/preprocessed_detection/train/labels/train_140_png.rf.ea5640c206efec0d5c80ab636eb6157f.txt,31,2048,948
train,data/preprocessed_detection/train/images/train_140_png.rf.ef54e693f7a172500ac0e0c9b7616e3a.jpg,data/preprocessed_detection/train/labels/train_140_png.rf.ef54e693f7a172500ac0e0c9b7616e3a.txt,31,2048,948
train,data/preprocessed_detection/train/images/train_141_png.rf.2c402917d09989dc3951bf43b8476817.jpg,data/preprocessed_detection/train/labels/train_141_png.rf.2c402917d09989dc3951bf43b8476817.txt,29,2048,931
train,data/preprocessed_detection/train/images/train_141_png.rf.ae7472424b02f95b9cd69118545251fa.jpg,data/preprocessed_detection/train/labels/train_141_png.rf.ae7472424b02f95b9cd69118545251fa.txt,29,2048,931
train,data/preprocessed_detection/train/images/train_141_png.rf.e46c353a3cfc4ee2df938027af252a9c.jpg,data/preprocessed_detection/train/labels/train_141_png.rf.e46c353a3cfc4ee2df938027af252a9c.txt,29,2048,931
train,data/preprocessed_detection/train/images/train_142_png.rf.1baacaa68f19bbc58c2e06068851093b.jpg,data/preprocessed_detection/train/labels/train_142_png.rf.1baacaa68f19bbc58c2e06068851093b.txt,31,2048,934
train,data/preprocessed_detection/train/images/train_142_png.rf.5f2610fc4250295b88c5d614166882f9.jpg,data/preprocessed_detection/train/labels/train_142_png.rf.5f2610fc4250295b88c5d614166882f9.txt,31,2048,934
train,data/preprocessed_detection/train/images/train_142_png.rf.8fe9f77c41894714d0ebb2cd6dba2690.jpg,data/preprocessed_detection/train/labels/train_142_png.rf.8fe9f77c41894714d0ebb2cd6dba2690.txt,31,2048,934
train,data/preprocessed_detection/train/images/train_144_png.rf.05c31c8ea85d85adb0abc593ccec8d17.jpg,data/preprocessed_detection/train/labels/train_144_png.rf.05c31c8ea85d85adb0abc593ccec8d17.txt,31,2048,974
train,data/preprocessed_detection/train/images/train_144_png.rf.3457d00ef71c3474d3cab82c90a65b22.jpg,data/preprocessed_detection/train/labels/train_144_png.rf.3457d00ef71c3474d3cab82c90a65b22.txt,31,2048,974
train,data/preprocessed_detection/train/images/train_144_png.rf.93f75b47849284f41e6bd321fefbff9e.jpg,data/preprocessed_detection/train/labels/train_144_png.rf.93f75b47849284f41e6bd321fefbff9e.txt,31,2048,974
train,data/preprocessed_detection/train/images/train_145_png.rf.153a18e9ccbe876af32913680bfdc68d.jpg,data/preprocessed_detection/train/labels/train_145_png.rf.153a18e9ccbe876af32913680bfdc68d.txt,31,2047,943
train,data/preprocessed_detection/train/images/train_145_png.rf.6a49ea987c5ca5c49cafd49a47821b23.jpg,data/preprocessed_detection/train/labels/train_145_png.rf.6a49ea987c5ca5c49cafd49a47821b23.txt,31,2047,943
train,data/preprocessed_detection/train/images/train_145_png.rf.b5ce069371e7fa5c2b9d6f435d01ea11.jpg,data/preprocessed_detection/train/labels/train_145_png.rf.b5ce069371e7fa5c2b9d6f435d01ea11.txt,31,2047,943
train,data/preprocessed_detection/train/images/train_147_png.rf.47fc2e0bd2646164230908e058c79593.jpg,data/preprocessed_detection/train/labels/train_147_png.rf.47fc2e0bd2646164230908e058c79593.txt,30,2048,964
train,data/preprocessed_detection/train/images/train_147_png.rf.b621a68cb829b4e168c7e3adbfc40ed3.jpg,data/preprocessed_detection/train/labels/train_147_png.rf.b621a68cb829b4e168c7e3adbfc40ed3.txt,30,2048,964
train,data/preprocessed_detection/train/images/train_147_png.rf.db687094317810e19eaa92e837282f1b.jpg,data/preprocessed_detection/train/labels/train_147_png.rf.db687094317810e19eaa92e837282f1b.txt,30,2048,964
train,data/preprocessed_detection/train/images/train_148_png.rf.2518bef4c912fc012f07b339c59591b8.jpg,data/preprocessed_detection/train/labels/train_148_png.rf.2518bef4c912fc012f07b339c59591b8.txt,32,2048,933
train,data/preprocessed_detection/train/images/train_148_png.rf.8187227c6ac18e6358f577c6b941c3fd.jpg,data/preprocessed_detection/train/labels/train_148_png.rf.8187227c6ac18e6358f577c6b941c3fd.txt,32,2048,933
train,data/preprocessed_detection/train/images/train_148_png.rf.d51647aeef9ab962353883dc602f0a0f.jpg,data/preprocessed_detection/train/labels/train_148_png.rf.d51647aeef9ab962353883dc602f0a0f.txt,32,2048,933
train,data/preprocessed_detection/train/images/train_150_png.rf.a2471f49aee1291f2cedc1332813d170.jpg,data/preprocessed_detection/train/labels/train_150_png.rf.a2471f49aee1291f2cedc1332813d170.txt,28,2048,948
train,data/preprocessed_detection/train/images/train_150_png.rf.cc10597b6f8c1ed974e0631dc91961b2.jpg,data/preprocessed_detection/train/labels/train_150_png.rf.cc10597b6f8c1ed974e0631dc91961b2.txt,28,2048,948
train,data/preprocessed_detection/train/images/train_150_png.rf.d74d0030b756a9a2f174a77ea5b4e3eb.jpg,data/preprocessed_detection/train/labels/train_150_png.rf.d74d0030b756a9a2f174a77ea5b4e3eb.txt,28,2048,948
train,data/preprocessed_detection/train/images/train_154_png.rf.a99fb66254d9f73eb04f4690222486e8.jpg,data/preprocessed_detection/train/labels/train_154_png.rf.a99fb66254d9f73eb04f4690222486e8.txt,29,2048,908
train,data/preprocessed_detection/train/images/train_154_png.rf.c525178d4b165e4c6b4cb2f3990ec580.jpg,data/preprocessed_detection/train/labels/train_154_png.rf.c525178d4b165e4c6b4cb2f3990ec580.txt,29,2048,908
train,data/preprocessed_detection/train/images/train_154_png.rf.e8c4d9331a54b300a914b564b11576c3.jpg,data/preprocessed_detection/train/labels/train_154_png.rf.e8c4d9331a54b300a914b564b11576c3.txt,29,2048,908
train,data/preprocessed_detection/train/images/train_157_png.rf.23ad95e0972465b096e5898adea44312.jpg,data/preprocessed_detection/train/labels/train_157_png.rf.23ad95e0972465b096e5898adea44312.txt,31,2048,1073
train,data/preprocessed_detection/train/images/train_157_png.rf.581c90758482da2665a193c7699e15c2.jpg,data/preprocessed_detection/train/labels/train_157_png.rf.581c90758482da2665a193c7699e15c2.txt,31,2048,1073
train,data/preprocessed_detection/train/images/train_157_png.rf.d5cf6b0708e65add9b13e09e9465dfd4.jpg,data/preprocessed_detection/train/labels/train_157_png.rf.d5cf6b0708e65add9b13e09e9465dfd4.txt,31,2048,1073
train,data/preprocessed_detection/train/images/train_158_png.rf.5e055933c2af0726ddd1784b06010bda.jpg,data/preprocessed_detection/train/labels/train_158_png.rf.5e055933c2af0726ddd1784b06010bda.txt,31,2048,950
train,data/preprocessed_detection/train/images/train_158_png.rf.8083c607cb282d4a0de4de601b98d121.jpg,data/preprocessed_detection/train/labels/train_158_png.rf.8083c607cb282d4a0de4de601b98d121.txt,31,2048,950
train,data/preprocessed_detection/train/images/train_158_png.rf.95d962c2f5eced196f4ada85301da00e.jpg,data/preprocessed_detection/train/labels/train_158_png.rf.95d962c2f5eced196f4ada85301da00e.txt,31,2048,950
train,data/preprocessed_detection/train/images/train_159_png.rf.08d58468df20a9d9138383d44e8ed8c1.jpg,data/preprocessed_detection/train/labels/train_159_png.rf.08d58468df20a9d9138383d44e8ed8c1.txt,28,2048,907
train,data/preprocessed_detection/train/images/train_159_png.rf.1ea0303279a291b0cc68ea483b01f9ea.jpg,data/preprocessed_detection/train/labels/train_159_png.rf.1ea0303279a291b0cc68ea483b01f9ea.txt,28,2048,907
train,data/preprocessed_detection/train/images/train_159_png.rf.f844cdfa754c586468d3617d5eaf006f.jpg,data/preprocessed_detection/train/labels/train_159_png.rf.f844cdfa754c586468d3617d5eaf006f.txt,28,2048,907
train,data/preprocessed_detection/train/images/train_15_png.rf.6c75efb27b4558d78808ed5e18e21496.jpg,data/preprocessed_detection/train/labels/train_15_png.rf.6c75efb27b4558d78808ed5e18e21496.txt,22,2048,928
train,data/preprocessed_detection/train/images/train_15_png.rf.cbe2e1e2f797a3449d96440231bdac97.jpg,data/preprocessed_detection/train/labels/train_15_png.rf.cbe2e1e2f797a3449d96440231bdac97.txt,22,2048,928
train,data/preprocessed_detection/train/images/train_15_png.rf.d7562fe89b7263e6cbad94d07df4941a.jpg,data/preprocessed_detection/train/labels/train_15_png.rf.d7562fe89b7263e6cbad94d07df4941a.txt,22,2048,928
train,data/preprocessed_detection/train/images/train_160_png.rf.2b56766fd9ee7c2a1d8abdfc5f2b8dc5.jpg,data/preprocessed_detection/train/labels/train_160_png.rf.2b56766fd9ee7c2a1d8abdfc5f2b8dc5.txt,29,1976,976
train,data/preprocessed_detection/train/images/train_160_png.rf.2ee4de183d54689b11a03e34594c0243.jpg,data/preprocessed_detection/train/labels/train_160_png.rf.2ee4de183d54689b11a03e34594c0243.txt,29,1976,976
train,data/preprocessed_detection/train/images/train_160_png.rf.ff94722c7a2f9fb2542a26e11736f4fb.jpg,data/preprocessed_detection/train/labels/train_160_png.rf.ff94722c7a2f9fb2542a26e11736f4fb.txt,29,1976,976
train,data/preprocessed_detection/train/images/train_162_png.rf.1b6cdb823bbb965b7901f7e3eb1bffb1.jpg,data/preprocessed_detection/train/labels/train_162_png.rf.1b6cdb823bbb965b7901f7e3eb1bffb1.txt,32,1976,976
train,data/preprocessed_detection/train/images/train_162_png.rf.5abffb258b6b9bf87789b6981469e0a8.jpg,data/preprocessed_detection/train/labels/train_162_png.rf.5abffb258b6b9bf87789b6981469e0a8.txt,32,1976,976
train,data/preprocessed_detection/train/images/train_162_png.rf.bc7ac8abf824c0183a167e3a8d5e838c.jpg,data/preprocessed_detection/train/labels/train_162_png.rf.bc7ac8abf824c0183a167e3a8d5e838c.txt,32,1976,976
train,data/preprocessed_detection/train/images/train_163_png.rf.0eb925b79b86f40c38658df8da8a391d.jpg,data/preprocessed_detection/train/labels/train_163_png.rf.0eb925b79b86f40c38658df8da8a391d.txt,17,2048,922
train,data/preprocessed_detection/train/images/train_163_png.rf.11074d77e7e8f1dddb2c8b8077e263a5.jpg,data/preprocessed_detection/train/labels/train_163_png.rf.11074d77e7e8f1dddb2c8b8077e263a5.txt,17,2048,922
train,data/preprocessed_detection/train/images/train_163_png.rf.7a5590ce3a9f7e313e6f67bc8fe4a473.jpg,data/preprocessed_detection/train/labels/train_163_png.rf.7a5590ce3a9f7e313e6f67bc8fe4a473.txt,17,2048,922
train,data/preprocessed_detection/train/images/train_164_png.rf.d20f5549f3f7ecd33108fbd194ebc1a0.jpg,data/preprocessed_detection/train/labels/train_164_png.rf.d20f5549f3f7ecd33108fbd194ebc1a0.txt,26,2048,969
train,data/preprocessed_detection/train/images/train_164_png.rf.d3a1646d36717ebc9de4ea0a0e36e940.jpg,data/preprocessed_detection/train/labels/train_164_png.rf.d3a1646d36717ebc9de4ea0a0e36e940.txt,26,2048,969
train,data/preprocessed_detection/train/images/train_164_png.rf.f3dbf54f906937fa35bc7eb157a9938a.jpg,data/preprocessed_detection/train/labels/train_164_png.rf.f3dbf54f906937fa35bc7eb157a9938a.txt,26,2048,969
train,data/preprocessed_detection/train/images/train_165_png.rf.050172ca7d1feece61869bbf317ccf3d.jpg,data/preprocessed_detection/train/labels/train_165_png.rf.050172ca7d1feece61869bbf317ccf3d.txt,28,2048,932
train,data/preprocessed_detection/train/images/train_165_png.rf.a8e055ae8fe2a8666913f6bdc477054d.jpg,data/preprocessed_detection/train/labels/train_165_png.rf.a8e055ae8fe2a8666913f6bdc477054d.txt,28,2048,932
train,data/preprocessed_detection/train/images/train_165_png.rf.a94bbe8b00374f136ae2839b0c90c83a.jpg,data/preprocessed_detection/train/labels/train_165_png.rf.a94bbe8b00374f136ae2839b0c90c83a.txt,28,2048,932
train,data/preprocessed_detection/train/images/train_167_png.rf.7e67fe65619b37f52685552dd92136ec.jpg,data/preprocessed_detection/train/labels/train_167_png.rf.7e67fe65619b37f52685552dd92136ec.txt,32,2048,908
train,data/preprocessed_detection/train/images/train_167_png.rf.c99391f9f162e3eddc3a5535dc59fac2.jpg,data/preprocessed_detection/train/labels/train_167_png.rf.c99391f9f162e3eddc3a5535dc59fac2.txt,32,2048,908
train,data/preprocessed_detection/train/images/train_167_png.rf.ce8697b32170190d331211d5a7f7a5a1.jpg,data/preprocessed_detection/train/labels/train_167_png.rf.ce8697b32170190d331211d5a7f7a5a1.txt,32,2048,908
train,data/preprocessed_detection/train/images/train_168_png.rf.23db37c3d6b28a63103f04f007637864.jpg,data/preprocessed_detection/train/labels/train_168_png.rf.23db37c3d6b28a63103f04f007637864.txt,23,2048,931
train,data/preprocessed_detection/train/images/train_168_png.rf.89c0330ccf424d07e64ff2543ca11617.jpg,data/preprocessed_detection/train/labels/train_168_png.rf.89c0330ccf424d07e64ff2543ca11617.txt,23,2048,931
train,data/preprocessed_detection/train/images/train_168_png.rf.cc35246659e28ae2b822b18c85710588.jpg,data/preprocessed_detection/train/labels/train_168_png.rf.cc35246659e28ae2b822b18c85710588.txt,23,2048,931
train,data/preprocessed_detection/train/images/train_169_png.rf.4847d2828f78239cb2e60a7b78997f53.jpg,data/preprocessed_detection/train/labels/train_169_png.rf.4847d2828f78239cb2e60a7b78997f53.txt,28,2048,959
train,data/preprocessed_detection/train/images/train_169_png.rf.638a259dc4871647cd9d9ef5976482d1.jpg,data/preprocessed_detection/train/labels/train_169_png.rf.638a259dc4871647cd9d9ef5976482d1.txt,28,2048,959
train,data/preprocessed_detection/train/images/train_169_png.rf.aecc37e1ac057c176a3294421f9c70ab.jpg,data/preprocessed_detection/train/labels/train_169_png.rf.aecc37e1ac057c176a3294421f9c70ab.txt,28,2048,959
train,data/preprocessed_detection/train/images/train_16_png.rf.15d2a9954ba43ed7fb53e1b6879f68a4.jpg,data/preprocessed_detection/train/labels/train_16_png.rf.15d2a9954ba43ed7fb53e1b6879f68a4.txt,30,2048,969
train,data/preprocessed_detection/train/images/train_16_png.rf.3c1b8759bc2306cf09adf4494080af92.jpg,data/preprocessed_detection/train/labels/train_16_png.rf.3c1b8759bc2306cf09adf4494080af92.txt,30,2048,969
train,data/preprocessed_detection/train/images/train_16_png.rf.b19b9a41c7dcfa5d752d79b163db4ed0.jpg,data/preprocessed_detection/train/labels/train_16_png.rf.b19b9a41c7dcfa5d752d79b163db4ed0.txt,30,2048,969
train,data/preprocessed_detection/train/images/train_170_png.rf.61e61a6d48b426f7e5788b76f2a1bf63.jpg,data/preprocessed_detection/train/labels/train_170_png.rf.61e61a6d48b426f7e5788b76f2a1bf63.txt,26,2048,901
train,data/preprocessed_detection/train/images/train_170_png.rf.c836a501dd3d4eac311f36302fe09850.jpg,data/preprocessed_detection/train/labels/train_170_png.rf.c836a501dd3d4eac311f36302fe09850.txt,26,2048,901
train,data/preprocessed_detection/train/images/train_170_png.rf.f074eb1a1ba83dcfb44a0fdfe02b4f18.jpg,data/preprocessed_detection/train/labels/train_170_png.rf.f074eb1a1ba83dcfb44a0fdfe02b4f18.txt,26,2048,901
train,data/preprocessed_detection/train/images/train_171_png.rf.2988fd38c7d9c57416dc7d4eee4817ac.jpg,data/preprocessed_detection/train/labels/train_171_png.rf.2988fd38c7d9c57416dc7d4eee4817ac.txt,31,2048,930
train,data/preprocessed_detection/train/images/train_171_png.rf.d0d34dba770f75e93512f123de64dcdf.jpg,data/preprocessed_detection/train/labels/train_171_png.rf.d0d34dba770f75e93512f123de64dcdf.txt,31,2048,930
train,data/preprocessed_detection/train/images/train_171_png.rf.fb6f2f173e00c02f97c6d8cd4a985c82.jpg,data/preprocessed_detection/train/labels/train_171_png.rf.fb6f2f173e00c02f97c6d8cd4a985c82.txt,31,2048,930
train,data/preprocessed_detection/train/images/train_173_png.rf.2b0efecd9b9b735fa5206e92c66cdeb0.jpg,data/preprocessed_detection/train/labels/train_173_png.rf.2b0efecd9b9b735fa5206e92c66cdeb0.txt,32,2048,978
train,data/preprocessed_detection/train/images/train_173_png.rf.388d6d6f4f6604c45a73066a02ba0823.jpg,data/preprocessed_detection/train/labels/train_173_png.rf.388d6d6f4f6604c45a73066a02ba0823.txt,32,2048,978
train,data/preprocessed_detection/train/images/train_173_png.rf.d51969499ac4b7de29322598d52a7acd.jpg,data/preprocessed_detection/train/labels/train_173_png.rf.d51969499ac4b7de29322598d52a7acd.txt,32,2048,978
train,data/preprocessed_detection/train/images/train_175_png.rf.8dc298733a2291202f12fb0669ebb306.jpg,data/preprocessed_detection/train/labels/train_175_png.rf.8dc298733a2291202f12fb0669ebb306.txt,21,2048,1072
train,data/preprocessed_detection/train/images/train_175_png.rf.ad41095d56bf4e9e9f0c7a0687bcb968.jpg,data/preprocessed_detection/train/labels/train_175_png.rf.ad41095d56bf4e9e9f0c7a0687bcb968.txt,21,2048,1072
train,data/preprocessed_detection/train/images/train_175_png.rf.e4f6876b9e2d2cc8383ae070047972aa.jpg,data/preprocessed_detection/train/labels/train_175_png.rf.e4f6876b9e2d2cc8383ae070047972aa.txt,21,2048,1072
train,data/preprocessed_detection/train/images/train_176_png.rf.675e44d839848ff71358667f89024c98.jpg,data/preprocessed_detection/train/labels/train_176_png.rf.675e44d839848ff71358667f89024c98.txt,28,2048,897
train,data/preprocessed_detection/train/images/train_176_png.rf.778d5096492dc70199fc02b6689c4071.jpg,data/preprocessed_detection/train/labels/train_176_png.rf.778d5096492dc70199fc02b6689c4071.txt,28,2048,897
train,data/preprocessed_detection/train/images/train_176_png.rf.91a505a4c9f6f3caa99a4e312a5e41e6.jpg,data/preprocessed_detection/train/labels/train_176_png.rf.91a505a4c9f6f3caa99a4e312a5e41e6.txt,28,2048,897
train,data/preprocessed_detection/train/images/train_177_png.rf.08f41b52675a46ca846741b726f71e5a.jpg,data/preprocessed_detection/train/labels/train_177_png.rf.08f41b52675a46ca846741b726f71e5a.txt,31,2048,962
train,data/preprocessed_detection/train/images/train_177_png.rf.378a10b8590f934686433ea5fbd278ff.jpg,data/preprocessed_detection/train/labels/train_177_png.rf.378a10b8590f934686433ea5fbd278ff.txt,31,2048,962
train,data/preprocessed_detection/train/images/train_177_png.rf.4e0c85b7b1180d8e02d9efe417097b02.jpg,data/preprocessed_detection/train/labels/train_177_png.rf.4e0c85b7b1180d8e02d9efe417097b02.txt,31,2048,962
train,data/preprocessed_detection/train/images/train_179_png.rf.3670cf35045fcadadaad31b1c2675518.jpg,data/preprocessed_detection/train/labels/train_179_png.rf.3670cf35045fcadadaad31b1c2675518.txt,29,2048,982
train,data/preprocessed_detection/train/images/train_179_png.rf.3f47794e6a9fd55a809312e167733c13.jpg,data/preprocessed_detection/train/labels/train_179_png.rf.3f47794e6a9fd55a809312e167733c13.txt,29,2048,982
train,data/preprocessed_detection/train/images/train_179_png.rf.9e692f6d871de6c3d9cb12e533cce17a.jpg,data/preprocessed_detection/train/labels/train_179_png.rf.9e692f6d871de6c3d9cb12e533cce17a.txt,29,2048,982
train,data/preprocessed_detection/train/images/train_17_png.rf.732df9d7536783708bfc9d7ce420f72f.jpg,data/preprocessed_detection/train/labels/train_17_png.rf.732df9d7536783708bfc9d7ce420f72f.txt,25,2048,1073
train,data/preprocessed_detection/train/images/train_17_png.rf.8a149e30b882ab68d1f28eea014026dc.jpg,data/preprocessed_detection/train/labels/train_17_png.rf.8a149e30b882ab68d1f28eea014026dc.txt,25,2048,1073
train,data/preprocessed_detection/train/images/train_17_png.rf.b1bc72290f1f7a7ccbe340ac3cd30119.jpg,data/preprocessed_detection/train/labels/train_17_png.rf.b1bc72290f1f7a7ccbe340ac3cd30119.txt,25,2048,1073
train,data/preprocessed_detection/train/images/train_181_png.rf.617773682e029f16804bd51599e839a9.jpg,data/preprocessed_detection/train/labels/train_181_png.rf.617773682e029f16804bd51599e839a9.txt,29,2048,1073
train,data/preprocessed_detection/train/images/train_181_png.rf.82eb356d54b687f963b4e53242f15435.jpg,data/preprocessed_detection/train/labels/train_181_png.rf.82eb356d54b687f963b4e53242f15435.txt,29,2048,1073
train,data/preprocessed_detection/train/images/train_181_png.rf.b406373ca94a43b6941501ebc5ce2190.jpg,data/preprocessed_detection/train/labels/train_181_png.rf.b406373ca94a43b6941501ebc5ce2190.txt,29,2048,1073
train,data/preprocessed_detection/train/images/train_182_png.rf.4fcfbb4556915e3e5fa1001bdf852843.jpg,data/preprocessed_detection/train/labels/train_182_png.rf.4fcfbb4556915e3e5fa1001bdf852843.txt,27,2048,1073
train,data/preprocessed_detection/train/images/train_182_png.rf.d1aee4ee69bbd2a59fabc2cfe8078e9d.jpg,data/preprocessed_detection/train/labels/train_182_png.rf.d1aee4ee69bbd2a59fabc2cfe8078e9d.txt,27,2048,1073
train,data/preprocessed_detection/train/images/train_182_png.rf.d796b142be461c748fda8ed92e46c927.jpg,data/preprocessed_detection/train/labels/train_182_png.rf.d796b142be461c748fda8ed92e46c927.txt,27,2048,1073
train,data/preprocessed_detection/train/images/train_184_png.rf.4150472bf9664690079250e8dd71ce9e.jpg,data/preprocessed_detection/train/labels/train_184_png.rf.4150472bf9664690079250e8dd71ce9e.txt,27,2048,941
train,data/preprocessed_detection/train/images/train_184_png.rf.43abd6f3e8c4143f6b4585c7ab37fd1a.jpg,data/preprocessed_detection/train/labels/train_184_png.rf.43abd6f3e8c4143f6b4585c7ab37fd1a.txt,27,2048,941
train,data/preprocessed_detection/train/images/train_184_png.rf.5d6455007da81e5e9d4c02d492061f89.jpg,data/preprocessed_detection/train/labels/train_184_png.rf.5d6455007da81e5e9d4c02d492061f89.txt,27,2048,941
train,data/preprocessed_detection/train/images/train_187_png.rf.4a995d7be61347ce2eec6d83b90d3d8b.jpg,data/preprocessed_detection/train/labels/train_187_png.rf.4a995d7be61347ce2eec6d83b90d3d8b.txt,29,2048,949
train,data/preprocessed_detection/train/images/train_187_png.rf.a5626adeb717485a1ab20c0c1a90431b.jpg,data/preprocessed_detection/train/labels/train_187_png.rf.a5626adeb717485a1ab20c0c1a90431b.txt,29,2048,949
train,data/preprocessed_detection/train/images/train_187_png.rf.e4fa02ab9bd5621600e03f61098a0183.jpg,data/preprocessed_detection/train/labels/train_187_png.rf.e4fa02ab9bd5621600e03f61098a0183.txt,29,2048,949
train,data/preprocessed_detection/train/images/train_188_png.rf.95d3d174aa9e2a738fb46d89a91af896.jpg,data/preprocessed_detection/train/labels/train_188_png.rf.95d3d174aa9e2a738fb46d89a91af896.txt,28,2047,914
train,data/preprocessed_detection/train/images/train_188_png.rf.b87d564bc09f4ecce799cf573bc74d60.jpg,data/preprocessed_detection/train/labels/train_188_png.rf.b87d564bc09f4ecce799cf573bc74d60.txt,28,2047,914
train,data/preprocessed_detection/train/images/train_188_png.rf.d77529f2863c2e4ca27be2b8b24839e0.jpg,data/preprocessed_detection/train/labels/train_188_png.rf.d77529f2863c2e4ca27be2b8b24839e0.txt,28,2047,914
train,data/preprocessed_detection/train/images/train_189_png.rf.1398e2bafb4603ec5f1975c389bff8ff.jpg,data/preprocessed_detection/train/labels/train_189_png.rf.1398e2bafb4603ec5f1975c389bff8ff.txt,30,2047,940
train,data/preprocessed_detection/train/images/train_189_png.rf.53909b8a26255965f63fc98487db6660.jpg,data/preprocessed_detection/train/labels/train_189_png.rf.53909b8a26255965f63fc98487db6660.txt,30,2047,940
train,data/preprocessed_detection/train/images/train_189_png.rf.72ed43310545c2174bec609bad513fac.jpg,data/preprocessed_detection/train/labels/train_189_png.rf.72ed43310545c2174bec609bad513fac.txt,30,2047,940
train,data/preprocessed_detection/train/images/train_18_png.rf.a629ee6a66a9a8779577140276f3149a.jpg,data/preprocessed_detection/train/labels/train_18_png.rf.a629ee6a66a9a8779577140276f3149a.txt,31,2048,977
train,data/preprocessed_detection/train/images/train_18_png.rf.dcc59c348f18b74403843c4b5b4abb4d.jpg,data/preprocessed_detection/train/labels/train_18_png.rf.dcc59c348f18b74403843c4b5b4abb4d.txt,31,2048,977
train,data/preprocessed_detection/train/images/train_18_png.rf.f300a41a1bf5fcdcb87bb9bfa43b0a42.jpg,data/preprocessed_detection/train/labels/train_18_png.rf.f300a41a1bf5fcdcb87bb9bfa43b0a42.txt,31,2048,977
train,data/preprocessed_detection/train/images/train_191_png.rf.3131446b98d6008ba6aab539bc2ac851.jpg,data/preprocessed_detection/train/labels/train_191_png.rf.3131446b98d6008ba6aab539bc2ac851.txt,28,2048,951
train,data/preprocessed_detection/train/images/train_191_png.rf.32e352ff8a990282a931b88ee29d675b.jpg,data/preprocessed_detection/train/labels/train_191_png.rf.32e352ff8a990282a931b88ee29d675b.txt,28,2048,951
train,data/preprocessed_detection/train/images/train_191_png.rf.6826e2ed0e5c7019a7e0625c6ffd7379.jpg,data/preprocessed_detection/train/labels/train_191_png.rf.6826e2ed0e5c7019a7e0625c6ffd7379.txt,28,2048,951
train,data/preprocessed_detection/train/images/train_192_png.rf.0bf2ed2c9dc1b203e201308a2cb57b3b.jpg,data/preprocessed_detection/train/labels/train_192_png.rf.0bf2ed2c9dc1b203e201308a2cb57b3b.txt,30,2048,908
train,data/preprocessed_detection/train/images/train_192_png.rf.52f2fa48211124a69c8da0bb5c7b769b.jpg,data/preprocessed_detection/train/labels/train_192_png.rf.52f2fa48211124a69c8da0bb5c7b769b.txt,30,2048,908
train,data/preprocessed_detection/train/images/train_192_png.rf.d671223b99bf65c4effde5c1f5e105ef.jpg,data/preprocessed_detection/train/labels/train_192_png.rf.d671223b99bf65c4effde5c1f5e105ef.txt,30,2048,908
train,data/preprocessed_detection/train/images/train_193_png.rf.9d4f1b9139c20824722cbf0adc177290.jpg,data/preprocessed_detection/train/labels/train_193_png.rf.9d4f1b9139c20824722cbf0adc177290.txt,29,2048,977
train,data/preprocessed_detection/train/images/train_193_png.rf.c85be33ce2837e28dc723b1f134fdc92.jpg,data/preprocessed_detection/train/labels/train_193_png.rf.c85be33ce2837e28dc723b1f134fdc92.txt,29,2048,977
train,data/preprocessed_detection/train/images/train_193_png.rf.fd2e03ee034d0a06454e3d763b42406e.jpg,data/preprocessed_detection/train/labels/train_193_png.rf.fd2e03ee034d0a06454e3d763b42406e.txt,29,2048,977
train,data/preprocessed_detection/train/images/train_195_png.rf.40b219e5b7c1ef6db7b401c4bfabecd5.jpg,data/preprocessed_detection/train/labels/train_195_png.rf.40b219e5b7c1ef6db7b401c4bfabecd5.txt,25,2048,913
train,data/preprocessed_detection/train/images/train_195_png.rf.befd8acec85f32166329556852e00799.jpg,data/preprocessed_detection/train/labels/train_195_png.rf.befd8acec85f32166329556852e00799.txt,25,2048,913
train,data/preprocessed_detection/train/images/train_195_png.rf.f3e414dd5013437e3f9d6e780f962908.jpg,data/preprocessed_detection/train/labels/train_195_png.rf.f3e414dd5013437e3f9d6e780f962908.txt,25,2048,913
train,data/preprocessed_detection/train/images/train_196_png.rf.039f04d12470ef5b3545a7c1bd775562.jpg,data/preprocessed_detection/train/labels/train_196_png.rf.039f04d12470ef5b3545a7c1bd775562.txt,32,1976,976
train,data/preprocessed_detection/train/images/train_196_png.rf.33401e6cb7574ab1078dc600a98dd74d.jpg,data/preprocessed_detection/train/labels/train_196_png.rf.33401e6cb7574ab1078dc600a98dd74d.txt,32,1976,976
train,data/preprocessed_detection/train/images/train_196_png.rf.3f7e41019ec939be8a5326d5c2450b57.jpg,data/preprocessed_detection/train/labels/train_196_png.rf.3f7e41019ec939be8a5326d5c2450b57.txt,32,1976,976
train,data/preprocessed_detection/train/images/train_197_png.rf.91e71049340ea4f3518ef1ce15246504.jpg,data/preprocessed_detection/train/labels/train_197_png.rf.91e71049340ea4f3518ef1ce15246504.txt,30,1976,976
train,data/preprocessed_detection/train/images/train_197_png.rf.d8722cdb233a625651bae49dcbee25cd.jpg,data/preprocessed_detection/train/labels/train_197_png.rf.d8722cdb233a625651bae49dcbee25cd.txt,30,1976,976
train,data/preprocessed_detection/train/images/train_197_png.rf.f871448cec1bccfbde568a8b9c8fe52e.jpg,data/preprocessed_detection/train/labels/train_197_png.rf.f871448cec1bccfbde568a8b9c8fe52e.txt,30,1976,976
train,data/preprocessed_detection/train/images/train_198_png.rf.0c94c7135a435aca6465c7a2c7cdfde9.jpg,data/preprocessed_detection/train/labels/train_198_png.rf.0c94c7135a435aca6465c7a2c7cdfde9.txt,28,2048,1073
train,data/preprocessed_detection/train/images/train_198_png.rf.4530173329f13b74c171c45589a2471f.jpg,data/preprocessed_detection/train/labels/train_198_png.rf.4530173329f13b74c171c45589a2471f.txt,28,2048,1073
train,data/preprocessed_detection/train/images/train_198_png.rf.b72beaf5a2f7cd0efdc68dc2de411f03.jpg,data/preprocessed_detection/train/labels/train_198_png.rf.b72beaf5a2f7cd0efdc68dc2de411f03.txt,28,2048,1073
train,data/preprocessed_detection/train/images/train_19_png.rf.45e37866c0a99c96a7bf13ea00a51c3f.jpg,data/preprocessed_detection/train/labels/train_19_png.rf.45e37866c0a99c96a7bf13ea00a51c3f.txt,31,2048,961
train,data/preprocessed_detection/train/images/train_19_png.rf.d68e2e59e644658f23b99a1d5ac5a66d.jpg,data/preprocessed_detection/train/labels/train_19_png.rf.d68e2e59e644658f23b99a1d5ac5a66d.txt,31,2048,961
train,data/preprocessed_detection/train/images/train_19_png.rf.e89816550e576fea3115d1becbc5ba9b.jpg,data/preprocessed_detection/train/labels/train_19_png.rf.e89816550e576fea3115d1becbc5ba9b.txt,31,2048,961
train,data/preprocessed_detection/train/images/train_1_png.rf.2f6da556d6dc1eca970393384f484b23.jpg,data/preprocessed_detection/train/labels/train_1_png.rf.2f6da556d6dc1eca970393384f484b23.txt,31,2048,946
train,data/preprocessed_detection/train/images/train_1_png.rf.5671665b854f25fa5de98cfb2b02edd6.jpg,data/preprocessed_detection/train/labels/train_1_png.rf.5671665b854f25fa5de98cfb2b02edd6.txt,31,2048,946
train,data/preprocessed_detection/train/images/train_1_png.rf.bef2b70b81ad026e3228f7893d48a39c.jpg,data/preprocessed_detection/train/labels/train_1_png.rf.bef2b70b81ad026e3228f7893d48a39c.txt,31,2048,946
train,data/preprocessed_detection/train/images/train_202_png.rf.48eb3b2b85793f0b9beb1d7f2389f234.jpg,data/preprocessed_detection/train/labels/train_202_png.rf.48eb3b2b85793f0b9beb1d7f2389f234.txt,28,2048,922
train,data/preprocessed_detection/train/images/train_202_png.rf.c30cfcb811bde9969ab6c8a848f49c22.jpg,data/preprocessed_detection/train/labels/train_202_png.rf.c30cfcb811bde9969ab6c8a848f49c22.txt,28,2048,922
train,data/preprocessed_detection/train/images/train_202_png.rf.fc527624628806a75c51b85eb5df8ce6.jpg,data/preprocessed_detection/train/labels/train_202_png.rf.fc527624628806a75c51b85eb5df8ce6.txt,28,2048,922
train,data/preprocessed_detection/train/images/train_203_png.rf.1841a33042d8042836e1dd2dda70e58c.jpg,data/preprocessed_detection/train/labels/train_203_png.rf.1841a33042d8042836e1dd2dda70e58c.txt,31,2048,1073
train,data/preprocessed_detection/train/images/train_203_png.rf.6120c5cac297fd4759d86b1d4feb0943.jpg,data/preprocessed_detection/train/labels/train_203_png.rf.6120c5cac297fd4759d86b1d4feb0943.txt,31,2048,1073
train,data/preprocessed_detection/train/images/train_203_png.rf.d573a87d04d75a76375057cba630ffed.jpg,data/preprocessed_detection/train/labels/train_203_png.rf.d573a87d04d75a76375057cba630ffed.txt,31,2048,1073
train,data/preprocessed_detection/train/images/train_204_png.rf.5d421bd7eb28d6ed4b19997dddba6c9f.jpg,data/preprocessed_detection/train/labels/train_204_png.rf.5d421bd7eb28d6ed4b19997dddba6c9f.txt,31,2048,908
train,data/preprocessed_detection/train/images/train_204_png.rf.6bbcde040061c6f1c4cdcb9ac4866125.jpg,data/preprocessed_detection/train/labels/train_204_png.rf.6bbcde040061c6f1c4cdcb9ac4866125.txt,31,2048,908
train,data/preprocessed_detection/train/images/train_204_png.rf.f321bd0c9b0967e021744432124a9eaa.jpg,data/preprocessed_detection/train/labels/train_204_png.rf.f321bd0c9b0967e021744432124a9eaa.txt,31,2048,908
train,data/preprocessed_detection/train/images/train_205_png.rf.0dd927b83b0b3ff390f36e1ef52f9bd0.jpg,data/preprocessed_detection/train/labels/train_205_png.rf.0dd927b83b0b3ff390f36e1ef52f9bd0.txt,32,2048,963
train,data/preprocessed_detection/train/images/train_205_png.rf.300878a613cabdb8c9637a95ae9971a3.jpg,data/preprocessed_detection/train/labels/train_205_png.rf.300878a613cabdb8c9637a95ae9971a3.txt,32,2048,963
train,data/preprocessed_detection/train/images/train_205_png.rf.a9ce61c2dbfaf692e5eae7829610d2e9.jpg,data/preprocessed_detection/train/labels/train_205_png.rf.a9ce61c2dbfaf692e5eae7829610d2e9.txt,32,2048,963
train,data/preprocessed_detection/train/images/train_207_png.rf.8a012e343d7670d4a3029290b344ceda.jpg,data/preprocessed_detection/train/labels/train_207_png.rf.8a012e343d7670d4a3029290b344ceda.txt,31,2048,919
train,data/preprocessed_detection/train/images/train_207_png.rf.b278366829640a088a60066d71924fc1.jpg,data/preprocessed_detection/train/labels/train_207_png.rf.b278366829640a088a60066d71924fc1.txt,31,2048,919
train,data/preprocessed_detection/train/images/train_207_png.rf.e4974f330f175a73e8d3bd1dfa0bc71d.jpg,data/preprocessed_detection/train/labels/train_207_png.rf.e4974f330f175a73e8d3bd1dfa0bc71d.txt,31,2048,919
train,data/preprocessed_detection/train/images/train_209_png.rf.63312386f719792138722d6340d6a39d.jpg,data/preprocessed_detection/train/labels/train_209_png.rf.63312386f719792138722d6340d6a39d.txt,20,2048,935
train,data/preprocessed_detection/train/images/train_209_png.rf.7034b04da5adbd7c8b3a84a4d2762920.jpg,data/preprocessed_detection/train/labels/train_209_png.rf.7034b04da5adbd7c8b3a84a4d2762920.txt,20,2048,935
train,data/preprocessed_detection/train/images/train_209_png.rf.9d5c741e4d68a4886fcd054db0a4e7e3.jpg,data/preprocessed_detection/train/labels/train_209_png.rf.9d5c741e4d68a4886fcd054db0a4e7e3.txt,20,2048,935
train,data/preprocessed_detection/train/images/train_20_png.rf.4bda6b47c38575c05e64a5b6f5b3a1a2.jpg,data/preprocessed_detection/train/labels/train_20_png.rf.4bda6b47c38575c05e64a5b6f5b3a1a2.txt,32,2048,908
train,data/preprocessed_detection/train/images/train_20_png.rf.7e54341364990a9525a958267889d545.jpg,data/preprocessed_detection/train/labels/train_20_png.rf.7e54341364990a9525a958267889d545.txt,32,2048,908
train,data/preprocessed_detection/train/images/train_20_png.rf.a67b11ca83e8e70921d156ce5bf005cd.jpg,data/preprocessed_detection/train/labels/train_20_png.rf.a67b11ca83e8e70921d156ce5bf005cd.txt,32,2048,908
train,data/preprocessed_detection/train/images/train_211_png.rf.06b756750bc93b32d53ddf0fcc403e68.jpg,data/preprocessed_detection/train/labels/train_211_png.rf.06b756750bc93b32d53ddf0fcc403e68.txt,28,2048,950
train,data/preprocessed_detection/train/images/train_211_png.rf.8c38937f8abc8d56bca48449ed8515f5.jpg,data/preprocessed_detection/train/labels/train_211_png.rf.8c38937f8abc8d56bca48449ed8515f5.txt,28,2048,950
train,data/preprocessed_detection/train/images/train_211_png.rf.b30e56a332250da270c2816c3e109989.jpg,data/preprocessed_detection/train/labels/train_211_png.rf.b30e56a332250da270c2816c3e109989.txt,28,2048,950
train,data/preprocessed_detection/train/images/train_214_png.rf.0c955a8f62c183fb4873a2d4dfadbaae.jpg,data/preprocessed_detection/train/labels/train_214_png.rf.0c955a8f62c183fb4873a2d4dfadbaae.txt,28,2048,927
train,data/preprocessed_detection/train/images/train_214_png.rf.5897a6f08c389e24b58070b85a6f252a.jpg,data/preprocessed_detection/train/labels/train_214_png.rf.5897a6f08c389e24b58070b85a6f252a.txt,28,2048,927
train,data/preprocessed_detection/train/images/train_214_png.rf.65d772035c67ca25f521d85f6612a02e.jpg,data/preprocessed_detection/train/labels/train_214_png.rf.65d772035c67ca25f521d85f6612a02e.txt,28,2048,927
train,data/preprocessed_detection/train/images/train_217_png.rf.2ff080c82124829fb370fe50c4e28fb3.jpg,data/preprocessed_detection/train/labels/train_217_png.rf.2ff080c82124829fb370fe50c4e28fb3.txt,28,2048,955
train,data/preprocessed_detection/train/images/train_217_png.rf.989b11c952c7b78c112a1a618c0ea644.jpg,data/preprocessed_detection/train/labels/train_217_png.rf.989b11c952c7b78c112a1a618c0ea644.txt,28,2048,955
train,data/preprocessed_detection/train/images/train_217_png.rf.c34f6ee50e426e24a35a6a4cf47cf81d.jpg,data/preprocessed_detection/train/labels/train_217_png.rf.c34f6ee50e426e24a35a6a4cf47cf81d.txt,28,2048,955
train,data/preprocessed_detection/train/images/train_21_png.rf.0da9985e5fd5032f5f789314c47e85ef.jpg,data/preprocessed_detection/train/labels/train_21_png.rf.0da9985e5fd5032f5f789314c47e85ef.txt,25,2048,959
train,data/preprocessed_detection/train/images/train_21_png.rf.1f58cd4d9485dd86a1e9613e7018789b.jpg,data/preprocessed_detection/train/labels/train_21_png.rf.1f58cd4d9485dd86a1e9613e7018789b.txt,25,2048,959
train,data/preprocessed_detection/train/images/train_21_png.rf.3d2792165eb74e494d0f133217545264.jpg,data/preprocessed_detection/train/labels/train_21_png.rf.3d2792165eb74e494d0f133217545264.txt,25,2048,959
train,data/preprocessed_detection/train/images/train_221_png.rf.a0a9eafde061ff982f8a2f665b15e17c.jpg,data/preprocessed_detection/train/labels/train_221_png.rf.a0a9eafde061ff982f8a2f665b15e17c.txt,32,2048,971
train,data/preprocessed_detection/train/images/train_221_png.rf.c65230f3dfa50314b861e8db5aa59668.jpg,data/preprocessed_detection/train/labels/train_221_png.rf.c65230f3dfa50314b861e8db5aa59668.txt,32,2048,971
train,data/preprocessed_detection/train/images/train_221_png.rf.f9641a8452f397e30dfd6baba40627d2.jpg,data/preprocessed_detection/train/labels/train_221_png.rf.f9641a8452f397e30dfd6baba40627d2.txt,32,2048,971
train,data/preprocessed_detection/train/images/train_222_png.rf.08599b2b458618f3be4678e9296e5562.jpg,data/preprocessed_detection/train/labels/train_222_png.rf.08599b2b458618f3be4678e9296e5562.txt,29,2048,912
train,data/preprocessed_detection/train/images/train_222_png.rf.2bbdd700610b887be1dad05c504de62c.jpg,data/preprocessed_detection/train/labels/train_222_png.rf.2bbdd700610b887be1dad05c504de62c.txt,29,2048,912
train,data/preprocessed_detection/train/images/train_222_png.rf.929b10d9ba8865e55ce01f086790434a.jpg,data/preprocessed_detection/train/labels/train_222_png.rf.929b10d9ba8865e55ce01f086790434a.txt,29,2048,912
train,data/preprocessed_detection/train/images/train_224_png.rf.1c426ffe832667ce4e78820f57c6fc84.jpg,data/preprocessed_detection/train/labels/train_224_png.rf.1c426ffe832667ce4e78820f57c6fc84.txt,32,2048,1072
train,data/preprocessed_detection/train/images/train_224_png.rf.3190dcd20396f1b7fbb6e09b6a0381e6.jpg,data/preprocessed_detection/train/labels/train_224_png.rf.3190dcd20396f1b7fbb6e09b6a0381e6.txt,32,2048,1072
train,data/preprocessed_detection/train/images/train_224_png.rf.f6460ed64577ddf0efe01218bcfb6a0a.jpg,data/preprocessed_detection/train/labels/train_224_png.rf.f6460ed64577ddf0efe01218bcfb6a0a.txt,32,2048,1072
train,data/preprocessed_detection/train/images/train_226_png.rf.462b0bf24439dd8127f41d86b82b05a5.jpg,data/preprocessed_detection/train/labels/train_226_png.rf.462b0bf24439dd8127f41d86b82b05a5.txt,30,2048,903
train,data/preprocessed_detection/train/images/train_226_png.rf.766e58b85d3aa5bf12dd69d3f4bc7c01.jpg,data/preprocessed_detection/train/labels/train_226_png.rf.766e58b85d3aa5bf12dd69d3f4bc7c01.txt,30,2048,903
train,data/preprocessed_detection/train/images/train_226_png.rf.a4e88c16f35d9140cfda4b24f6a63cff.jpg,data/preprocessed_detection/train/labels/train_226_png.rf.a4e88c16f35d9140cfda4b24f6a63cff.txt,30,2048,903
train,data/preprocessed_detection/train/images/train_228_png.rf.2e7dc6914d4da2d772672f0838cfa642.jpg,data/preprocessed_detection/train/labels/train_228_png.rf.2e7dc6914d4da2d772672f0838cfa642.txt,21,2048,933
train,data/preprocessed_detection/train/images/train_228_png.rf.45a8933a1e76c575128ab443631492e5.jpg,data/preprocessed_detection/train/labels/train_228_png.rf.45a8933a1e76c575128ab443631492e5.txt,21,2048,933
train,data/preprocessed_detection/train/images/train_228_png.rf.50a4cf34632271d93a1cdf7462a44948.jpg,data/preprocessed_detection/train/labels/train_228_png.rf.50a4cf34632271d93a1cdf7462a44948.txt,21,2048,933
train,data/preprocessed_detection/train/images/train_229_png.rf.621324f3ad864e7878cc449871944f22.jpg,data/preprocessed_detection/train/labels/train_229_png.rf.621324f3ad864e7878cc449871944f22.txt,30,2048,1073
train,data/preprocessed_detection/train/images/train_229_png.rf.645de96a81e523ea6d4a7aeaedd59ca6.jpg,data/preprocessed_detection/train/labels/train_229_png.rf.645de96a81e523ea6d4a7aeaedd59ca6.txt,30,2048,1073
train,data/preprocessed_detection/train/images/train_229_png.rf.ef0450269ee51deab2a3899a7a7e5737.jpg,data/preprocessed_detection/train/labels/train_229_png.rf.ef0450269ee51deab2a3899a7a7e5737.txt,30,2048,1073
train,data/preprocessed_detection/train/images/train_22_png.rf.67e87f3ced9c31402e9aa2256ce5b4ac.jpg,data/preprocessed_detection/train/labels/train_22_png.rf.67e87f3ced9c31402e9aa2256ce5b4ac.txt,24,2048,970
train,data/preprocessed_detection/train/images/train_22_png.rf.a028836efa6e54f47b8391f826cfd0f6.jpg,data/preprocessed_detection/train/labels/train_22_png.rf.a028836efa6e54f47b8391f826cfd0f6.txt,24,2048,970
train,data/preprocessed_detection/train/images/train_22_png.rf.f355a109ac48137313168ada697137dc.jpg,data/preprocessed_detection/train/labels/train_22_png.rf.f355a109ac48137313168ada697137dc.txt,24,2048,970
train,data/preprocessed_detection/train/images/train_230_png.rf.687f74215fca482cd808d054dc79486a.jpg,data/preprocessed_detection/train/labels/train_230_png.rf.687f74215fca482cd808d054dc79486a.txt,20,2048,952
train,data/preprocessed_detection/train/images/train_230_png.rf.9625f29d71a188c42748f4cd4c14d41c.jpg,data/preprocessed_detection/train/labels/train_230_png.rf.9625f29d71a188c42748f4cd4c14d41c.txt,20,2048,952
train,data/preprocessed_detection/train/images/train_230_png.rf.c169be4e43f49dc8ff6a71834282a5ed.jpg,data/preprocessed_detection/train/labels/train_230_png.rf.c169be4e43f49dc8ff6a71834282a5ed.txt,20,2048,952
train,data/preprocessed_detection/train/images/train_231_png.rf.14658fbf8b9b85fcc9cc5747b49c7361.jpg,data/preprocessed_detection/train/labels/train_231_png.rf.14658fbf8b9b85fcc9cc5747b49c7361.txt,29,2048,939
train,data/preprocessed_detection/train/images/train_231_png.rf.18971599f0d3aa80efab2a8370ad412d.jpg,data/preprocessed_detection/train/labels/train_231_png.rf.18971599f0d3aa80efab2a8370ad412d.txt,29,2048,939
train,data/preprocessed_detection/train/images/train_231_png.rf.919844ffa6db599393ad3c103d8f0bc8.jpg,data/preprocessed_detection/train/labels/train_231_png.rf.919844ffa6db599393ad3c103d8f0bc8.txt,29,2048,939
train,data/preprocessed_detection/train/images/train_232_png.rf.208115aa864c9876463d9eeec3ed4c66.jpg,data/preprocessed_detection/train/labels/train_232_png.rf.208115aa864c9876463d9eeec3ed4c66.txt,32,2048,954
train,data/preprocessed_detection/train/images/train_232_png.rf.921cdcb7c8e883893d85aee7169b6ac4.jpg,data/preprocessed_detection/train/labels/train_232_png.rf.921cdcb7c8e883893d85aee7169b6ac4.txt,32,2048,954
train,data/preprocessed_detection/train/images/train_232_png.rf.b5d3bd61bc532529db27a484d96984c1.jpg,data/preprocessed_detection/train/labels/train_232_png.rf.b5d3bd61bc532529db27a484d96984c1.txt,32,2048,954
train,data/preprocessed_detection/train/images/train_235_png.rf.1ac9fe145f46746aa0ff41fce1eb40de.jpg,data/preprocessed_detection/train/labels/train_235_png.rf.1ac9fe145f46746aa0ff41fce1eb40de.txt,32,2048,944
train,data/preprocessed_detection/train/images/train_235_png.rf.a67339e3c3c653e3efda8558b52620c6.jpg,data/preprocessed_detection/train/labels/train_235_png.rf.a67339e3c3c653e3efda8558b52620c6.txt,32,2048,944
train,data/preprocessed_detection/train/images/train_235_png.rf.f84629adf095317863ae239e0151dce3.jpg,data/preprocessed_detection/train/labels/train_235_png.rf.f84629adf095317863ae239e0151dce3.txt,32,2048,944
train,data/preprocessed_detection/train/images/train_236_png.rf.22085080f9989fa28e00a0cdd508640b.jpg,data/preprocessed_detection/train/labels/train_236_png.rf.22085080f9989fa28e00a0cdd508640b.txt,32,2048,950
train,data/preprocessed_detection/train/images/train_236_png.rf.ab4018d880a462e4db118258bd3f9c66.jpg,data/preprocessed_detection/train/labels/train_236_png.rf.ab4018d880a462e4db118258bd3f9c66.txt,32,2048,950
train,data/preprocessed_detection/train/images/train_236_png.rf.d1465ad1b75fc2346d35758fc665d046.jpg,data/preprocessed_detection/train/labels/train_236_png.rf.d1465ad1b75fc2346d35758fc665d046.txt,32,2048,950
train,data/preprocessed_detection/train/images/train_237_png.rf.6a03f3775272a93471b62e6a8a0bc11e.jpg,data/preprocessed_detection/train/labels/train_237_png.rf.6a03f3775272a93471b62e6a8a0bc11e.txt,29,2047,916
train,data/preprocessed_detection/train/images/train_237_png.rf.bdd28fba9abe13074e077638493e3200.jpg,data/preprocessed_detection/train/labels/train_237_png.rf.bdd28fba9abe13074e077638493e3200.txt,29,2047,916
train,data/preprocessed_detection/train/images/train_237_png.rf.f8c3ffdbb0c4e1bc3d0605bac65de8c7.jpg,data/preprocessed_detection/train/labels/train_237_png.rf.f8c3ffdbb0c4e1bc3d0605bac65de8c7.txt,29,2047,916
train,data/preprocessed_detection/train/images/train_238_png.rf.b2e83fef5d53a590aa0cd416a3f05089.jpg,data/preprocessed_detection/train/labels/train_238_png.rf.b2e83fef5d53a590aa0cd416a3f05089.txt,30,2048,923
train,data/preprocessed_detection/train/images/train_238_png.rf.bb40d7c0572f9144513021347560678f.jpg,data/preprocessed_detection/train/labels/train_238_png.rf.bb40d7c0572f9144513021347560678f.txt,30,2048,923
train,data/preprocessed_detection/train/images/train_238_png.rf.f9af7b21bc8593ecb1e4082a310eab42.jpg,data/preprocessed_detection/train/labels/train_238_png.rf.f9af7b21bc8593ecb1e4082a310eab42.txt,30,2048,923
train,data/preprocessed_detection/train/images/train_239_png.rf.06c20a64e761cdac9b183123716952d6.jpg,data/preprocessed_detection/train/labels/train_239_png.rf.06c20a64e761cdac9b183123716952d6.txt,28,1976,976
train,data/preprocessed_detection/train/images/train_239_png.rf.452cee367736781690c5bac3ed41ecaf.jpg,data/preprocessed_detection/train/labels/train_239_png.rf.452cee367736781690c5bac3ed41ecaf.txt,28,1976,976
train,data/preprocessed_detection/train/images/train_239_png.rf.5f7a3cf3086356467021ebf0cbab788c.jpg,data/preprocessed_detection/train/labels/train_239_png.rf.5f7a3cf3086356467021ebf0cbab788c.txt,28,1976,976
train,data/preprocessed_detection/train/images/train_240_png.rf.29ac881cd8f131c29235236f16259507.jpg,data/preprocessed_detection/train/labels/train_240_png.rf.29ac881cd8f131c29235236f16259507.txt,22,2048,918
train,data/preprocessed_detection/train/images/train_240_png.rf.94e92215736d5c409d3a722f3b829002.jpg,data/preprocessed_detection/train/labels/train_240_png.rf.94e92215736d5c409d3a722f3b829002.txt,22,2048,918
train,data/preprocessed_detection/train/images/train_240_png.rf.a08222c03f1ed9041f593586351fd2be.jpg,data/preprocessed_detection/train/labels/train_240_png.rf.a08222c03f1ed9041f593586351fd2be.txt,22,2048,918
train,data/preprocessed_detection/train/images/train_245_png.rf.1856b3dab4feb534c3c10ec859b5ecd8.jpg,data/preprocessed_detection/train/labels/train_245_png.rf.1856b3dab4feb534c3c10ec859b5ecd8.txt,28,2048,988
train,data/preprocessed_detection/train/images/train_245_png.rf.438fcd503daccb126494a2b82a1dc077.jpg,data/preprocessed_detection/train/labels/train_245_png.rf.438fcd503daccb126494a2b82a1dc077.txt,28,2048,988
train,data/preprocessed_detection/train/images/train_245_png.rf.576ce665a6bb899520389c6966d23fda.jpg,data/preprocessed_detection/train/labels/train_245_png.rf.576ce665a6bb899520389c6966d23fda.txt,28,2048,988
train,data/preprocessed_detection/train/images/train_247_png.rf.54166388a5069a166195c8c0b2f911ba.jpg,data/preprocessed_detection/train/labels/train_247_png.rf.54166388a5069a166195c8c0b2f911ba.txt,25,2048,958
train,data/preprocessed_detection/train/images/train_247_png.rf.7548309094adabe0529d327b9a2bdfc2.jpg,data/preprocessed_detection/train/labels/train_247_png.rf.7548309094adabe0529d327b9a2bdfc2.txt,25,2048,958
train,data/preprocessed_detection/train/images/train_247_png.rf.d44676be8925a534a504b4489635f520.jpg,data/preprocessed_detection/train/labels/train_247_png.rf.d44676be8925a534a504b4489635f520.txt,25,2048,958
train,data/preprocessed_detection/train/images/train_250_png.rf.583b3b9e89c6625ff79ee8b1f3f35997.jpg,data/preprocessed_detection/train/labels/train_250_png.rf.583b3b9e89c6625ff79ee8b1f3f35997.txt,30,1976,976
train,data/preprocessed_detection/train/images/train_250_png.rf.a5d8146ac3fa07ec67a9655075d92f38.jpg,data/preprocessed_detection/train/labels/train_250_png.rf.a5d8146ac3fa07ec67a9655075d92f38.txt,30,1976,976
train,data/preprocessed_detection/train/images/train_250_png.rf.ae42b44d92fd9176320c4d61b057f9fe.jpg,data/preprocessed_detection/train/labels/train_250_png.rf.ae42b44d92fd9176320c4d61b057f9fe.txt,30,1976,976
train,data/preprocessed_detection/train/images/train_251_png.rf.38eec37829aa4e2ffb2e2c440b827faa.jpg,data/preprocessed_detection/train/labels/train_251_png.rf.38eec37829aa4e2ffb2e2c440b827faa.txt,30,2048,929
train,data/preprocessed_detection/train/images/train_251_png.rf.a1342b51053e404d5baaad859418b836.jpg,data/preprocessed_detection/train/labels/train_251_png.rf.a1342b51053e404d5baaad859418b836.txt,30,2048,929
train,data/preprocessed_detection/train/images/train_251_png.rf.ba2d5859a6fb6f7145ed60c3d81dcdf8.jpg,data/preprocessed_detection/train/labels/train_251_png.rf.ba2d5859a6fb6f7145ed60c3d81dcdf8.txt,30,2048,929
train,data/preprocessed_detection/train/images/train_253_png.rf.608296305c105627a077144ee0e48f6f.jpg,data/preprocessed_detection/train/labels/train_253_png.rf.608296305c105627a077144ee0e48f6f.txt,31,2048,937
train,data/preprocessed_detection/train/images/train_253_png.rf.ae4103c8ed186350b0497b39012de26d.jpg,data/preprocessed_detection/train/labels/train_253_png.rf.ae4103c8ed186350b0497b39012de26d.txt,31,2048,937
train,data/preprocessed_detection/train/images/train_253_png.rf.b7706f7c19c5b7c11bcc165fbd8f01e9.jpg,data/preprocessed_detection/train/labels/train_253_png.rf.b7706f7c19c5b7c11bcc165fbd8f01e9.txt,31,2048,937
train,data/preprocessed_detection/train/images/train_255_png.rf.51fa92f0a6567e2d54f666ddd0b709d3.jpg,data/preprocessed_detection/train/labels/train_255_png.rf.51fa92f0a6567e2d54f666ddd0b709d3.txt,28,2048,908
train,data/preprocessed_detection/train/images/train_255_png.rf.d4c5b719e677779d0796a2109cb18e98.jpg,data/preprocessed_detection/train/labels/train_255_png.rf.d4c5b719e677779d0796a2109cb18e98.txt,28,2048,908
train,data/preprocessed_detection/train/images/train_255_png.rf.fd0045f3adde2c45765731e202304a9f.jpg,data/preprocessed_detection/train/labels/train_255_png.rf.fd0045f3adde2c45765731e202304a9f.txt,28,2048,908
train,data/preprocessed_detection/train/images/train_257_png.rf.3a58aac4408a84cbc33ce2b095404a70.jpg,data/preprocessed_detection/train/labels/train_257_png.rf.3a58aac4408a84cbc33ce2b095404a70.txt,28,2048,901
train,data/preprocessed_detection/train/images/train_257_png.rf.abc870acdfd7cbf800e648b6d61289e8.jpg,data/preprocessed_detection/train/labels/train_257_png.rf.abc870acdfd7cbf800e648b6d61289e8.txt,28,2048,901
train,data/preprocessed_detection/train/images/train_257_png.rf.f366e4a12772a1b7e1273bc416d5ad12.jpg,data/preprocessed_detection/train/labels/train_257_png.rf.f366e4a12772a1b7e1273bc416d5ad12.txt,28,2048,901
train,data/preprocessed_detection/train/images/train_258_png.rf.3c7e4344d6eea7edb8618dc06d9f7e4c.jpg,data/preprocessed_detection/train/labels/train_258_png.rf.3c7e4344d6eea7edb8618dc06d9f7e4c.txt,24,2048,901
train,data/preprocessed_detection/train/images/train_258_png.rf.6caeb6733db52c0f536a1621d473c41e.jpg,data/preprocessed_detection/train/labels/train_258_png.rf.6caeb6733db52c0f536a1621d473c41e.txt,24,2048,901
train,data/preprocessed_detection/train/images/train_258_png.rf.9167f4c08b6c3aa2b64be48ab88f2488.jpg,data/preprocessed_detection/train/labels/train_258_png.rf.9167f4c08b6c3aa2b64be48ab88f2488.txt,24,2048,901
train,data/preprocessed_detection/train/images/train_261_png.rf.2d24db17bd6e36e9872f85457f6f3e0a.jpg,data/preprocessed_detection/train/labels/train_261_png.rf.2d24db17bd6e36e9872f85457f6f3e0a.txt,31,2048,898
train,data/preprocessed_detection/train/images/train_261_png.rf.6f6ec3c73d52011f5feff3e21555dcbd.jpg,data/preprocessed_detection/train/labels/train_261_png.rf.6f6ec3c73d52011f5feff3e21555dcbd.txt,31,2048,898
train,data/preprocessed_detection/train/images/train_261_png.rf.f25a35911d2f770716b3d6b6c571812c.jpg,data/preprocessed_detection/train/labels/train_261_png.rf.f25a35911d2f770716b3d6b6c571812c.txt,31,2048,898
train,data/preprocessed_detection/train/images/train_263_png.rf.b77e36852af0594fc0400a757bce48dd.jpg,data/preprocessed_detection/train/labels/train_263_png.rf.b77e36852af0594fc0400a757bce48dd.txt,27,2048,898
train,data/preprocessed_detection/train/images/train_263_png.rf.bcb38ec402e1106d5cb5028743a42361.jpg,data/preprocessed_detection/train/labels/train_263_png.rf.bcb38ec402e1106d5cb5028743a42361.txt,27,2048,898
train,data/preprocessed_detection/train/images/train_263_png.rf.e8f467d173b8fe6c23369fe24ef3ef5c.jpg,data/preprocessed_detection/train/labels/train_263_png.rf.e8f467d173b8fe6c23369fe24ef3ef5c.txt,27,2048,898
train,data/preprocessed_detection/train/images/train_264_png.rf.96034cdc2eed2509c08e7d0f2f0c35ad.jpg,data/preprocessed_detection/train/labels/train_264_png.rf.96034cdc2eed2509c08e7d0f2f0c35ad.txt,29,2048,969
train,data/preprocessed_detection/train/images/train_264_png.rf.aadccce64baf1959f7f0e1c3fb3bd5d7.jpg,data/preprocessed_detection/train/labels/train_264_png.rf.aadccce64baf1959f7f0e1c3fb3bd5d7.txt,29,2048,969
train,data/preprocessed_detection/train/images/train_264_png.rf.d58938cd92d8f90140cd2b1f60b09f8c.jpg,data/preprocessed_detection/train/labels/train_264_png.rf.d58938cd92d8f90140cd2b1f60b09f8c.txt,29,2048,969
train,data/preprocessed_detection/train/images/train_265_png.rf.3deca49b3a25e94af354159d61729b36.jpg,data/preprocessed_detection/train/labels/train_265_png.rf.3deca49b3a25e94af354159d61729b36.txt,31,2048,938
train,data/preprocessed_detection/train/images/train_265_png.rf.5292b59b174b7ecec72181b4221d369a.jpg,data/preprocessed_detection/train/labels/train_265_png.rf.5292b59b174b7ecec72181b4221d369a.txt,31,2048,938
train,data/preprocessed_detection/train/images/train_265_png.rf.d69a3cb5bdf89a93f4e7694c1392939d.jpg,data/preprocessed_detection/train/labels/train_265_png.rf.d69a3cb5bdf89a93f4e7694c1392939d.txt,31,2048,938
train,data/preprocessed_detection/train/images/train_269_png.rf.1929720f94defe281385fe3c0a10731e.jpg,data/preprocessed_detection/train/labels/train_269_png.rf.1929720f94defe281385fe3c0a10731e.txt,28,2048,961
train,data/preprocessed_detection/train/images/train_269_png.rf.a05402955b675b8ce6a241f07a8b2e7b.jpg,data/preprocessed_detection/train/labels/train_269_png.rf.a05402955b675b8ce6a241f07a8b2e7b.txt,28,2048,961
train,data/preprocessed_detection/train/images/train_269_png.rf.bc83a047be89a0d66f0505ad71ca23cb.jpg,data/preprocessed_detection/train/labels/train_269_png.rf.bc83a047be89a0d66f0505ad71ca23cb.txt,28,2048,961
train,data/preprocessed_detection/train/images/train_26_png.rf.c8e67b33346b2b45cf17f0d84741624c.jpg,data/preprocessed_detection/train/labels/train_26_png.rf.c8e67b33346b2b45cf17f0d84741624c.txt,21,1976,976
train,data/preprocessed_detection/train/images/train_26_png.rf.eefb12d597b49745f6f33df3f74c773b.jpg,data/preprocessed_detection/train/labels/train_26_png.rf.eefb12d597b49745f6f33df3f74c773b.txt,21,1976,976
train,data/preprocessed_detection/train/images/train_26_png.rf.fe7f6da0ff2e51d9eeff26040c313d65.jpg,data/preprocessed_detection/train/labels/train_26_png.rf.fe7f6da0ff2e51d9eeff26040c313d65.txt,21,1976,976
train,data/preprocessed_detection/train/images/train_271_png.rf.17ab5b5b2c3be58059c390bfd16a8ccb.jpg,data/preprocessed_detection/train/labels/train_271_png.rf.17ab5b5b2c3be58059c390bfd16a8ccb.txt,28,2048,960
train,data/preprocessed_detection/train/images/train_271_png.rf.9fa6081b213c304fb8cd1812b865ed37.jpg,data/preprocessed_detection/train/labels/train_271_png.rf.9fa6081b213c304fb8cd1812b865ed37.txt,28,2048,960
train,data/preprocessed_detection/train/images/train_271_png.rf.eaa272c4abe93cfd024a804b2a28f2ee.jpg,data/preprocessed_detection/train/labels/train_271_png.rf.eaa272c4abe93cfd024a804b2a28f2ee.txt,28,2048,960
train,data/preprocessed_detection/train/images/train_272_png.rf.3e4c8cb75ef09c0ec0e49baff3f8e0f0.jpg,data/preprocessed_detection/train/labels/train_272_png.rf.3e4c8cb75ef09c0ec0e49baff3f8e0f0.txt,32,1976,976
train,data/preprocessed_detection/train/images/train_272_png.rf.5b9b454511e509bc136c6d583273eb90.jpg,data/preprocessed_detection/train/labels/train_272_png.rf.5b9b454511e509bc136c6d583273eb90.txt,32,1976,976
train,data/preprocessed_detection/train/images/train_272_png.rf.88e7b7bfe71c6c0e75ffad9814d062a7.jpg,data/preprocessed_detection/train/labels/train_272_png.rf.88e7b7bfe71c6c0e75ffad9814d062a7.txt,32,1976,976
train,data/preprocessed_detection/train/images/train_275_png.rf.4a4fd78e59b6368353f7999a5a08809a.jpg,data/preprocessed_detection/train/labels/train_275_png.rf.4a4fd78e59b6368353f7999a5a08809a.txt,26,2048,946
train,data/preprocessed_detection/train/images/train_275_png.rf.7f86d66b58cc9606e0cd96877707b1c2.jpg,data/preprocessed_detection/train/labels/train_275_png.rf.7f86d66b58cc9606e0cd96877707b1c2.txt,26,2048,946
train,data/preprocessed_detection/train/images/train_275_png.rf.c21cfe9baea6f1030a072ca650dbbe60.jpg,data/preprocessed_detection/train/labels/train_275_png.rf.c21cfe9baea6f1030a072ca650dbbe60.txt,26,2048,946
train,data/preprocessed_detection/train/images/train_277_png.rf.57949b8fe4340193018485e69e801682.jpg,data/preprocessed_detection/train/labels/train_277_png.rf.57949b8fe4340193018485e69e801682.txt,30,2048,1001
train,data/preprocessed_detection/train/images/train_277_png.rf.8fd955e3076fee3499bbaef0bc6e1d22.jpg,data/preprocessed_detection/train/labels/train_277_png.rf.8fd955e3076fee3499bbaef0bc6e1d22.txt,30,2048,1001
train,data/preprocessed_detection/train/images/train_277_png.rf.abc8d7dfc01fce95f1b21e051e77bd97.jpg,data/preprocessed_detection/train/labels/train_277_png.rf.abc8d7dfc01fce95f1b21e051e77bd97.txt,30,2048,1001
train,data/preprocessed_detection/train/images/train_278_png.rf.20c82dabc65069ef39fc7a63c65f246c.jpg,data/preprocessed_detection/train/labels/train_278_png.rf.20c82dabc65069ef39fc7a63c65f246c.txt,32,2048,978
train,data/preprocessed_detection/train/images/train_278_png.rf.78c50a54c887b0e81b6c4a7b9183ccc4.jpg,data/preprocessed_detection/train/labels/train_278_png.rf.78c50a54c887b0e81b6c4a7b9183ccc4.txt,32,2048,978
train,data/preprocessed_detection/train/images/train_278_png.rf.d4b4303b1a4ba44f5cc06d55990358e6.jpg,data/preprocessed_detection/train/labels/train_278_png.rf.d4b4303b1a4ba44f5cc06d55990358e6.txt,32,2048,978
train,data/preprocessed_detection/train/images/train_279_png.rf.2e699233bfe789ef7c7294284299e6d7.jpg,data/preprocessed_detection/train/labels/train_279_png.rf.2e699233bfe789ef7c7294284299e6d7.txt,23,2047,910
train,data/preprocessed_detection/train/images/train_279_png.rf.5bd4fdca956c0bb2ea115e06e6511d8e.jpg,data/preprocessed_detection/train/labels/train_279_png.rf.5bd4fdca956c0bb2ea115e06e6511d8e.txt,23,2047,910
train,data/preprocessed_detection/train/images/train_279_png.rf.be722bcdcad5f90a22e421dc5220508b.jpg,data/preprocessed_detection/train/labels/train_279_png.rf.be722bcdcad5f90a22e421dc5220508b.txt,23,2047,910
train,data/preprocessed_detection/train/images/train_281_png.rf.1c7ee1e92b7752a88ed245d6fb31f69b.jpg,data/preprocessed_detection/train/labels/train_281_png.rf.1c7ee1e92b7752a88ed245d6fb31f69b.txt,31,2048,969
train,data/preprocessed_detection/train/images/train_281_png.rf.6ffca3d0eef42e9fe5d7237ca3bbe772.jpg,data/preprocessed_detection/train/labels/train_281_png.rf.6ffca3d0eef42e9fe5d7237ca3bbe772.txt,31,2048,969
train,data/preprocessed_detection/train/images/train_281_png.rf.c66268e2c011de471660d94f6b50c4e2.jpg,data/preprocessed_detection/train/labels/train_281_png.rf.c66268e2c011de471660d94f6b50c4e2.txt,31,2048,969
train,data/preprocessed_detection/train/images/train_284_png.rf.6eac94f1332eda8a8938995b4c692ba6.jpg,data/preprocessed_detection/train/labels/train_284_png.rf.6eac94f1332eda8a8938995b4c692ba6.txt,30,2047,1004
train,data/preprocessed_detection/train/images/train_284_png.rf.c6584d7d23b234ea1b5b3ba1b576258f.jpg,data/preprocessed_detection/train/labels/train_284_png.rf.c6584d7d23b234ea1b5b3ba1b576258f.txt,30,2047,1004
train,data/preprocessed_detection/train/images/train_284_png.rf.d8dd5ce973147959a23cc80052294fc1.jpg,data/preprocessed_detection/train/labels/train_284_png.rf.d8dd5ce973147959a23cc80052294fc1.txt,30,2047,1004
train,data/preprocessed_detection/train/images/train_287_png.rf.47400fe8163e910c49bc07115c1f99c7.jpg,data/preprocessed_detection/train/labels/train_287_png.rf.47400fe8163e910c49bc07115c1f99c7.txt,22,2048,983
train,data/preprocessed_detection/train/images/train_287_png.rf.b88af70dc741e9986467c36d1072dacf.jpg,data/preprocessed_detection/train/labels/train_287_png.rf.b88af70dc741e9986467c36d1072dacf.txt,22,2048,983
train,data/preprocessed_detection/train/images/train_287_png.rf.fc6e5964e9ab569aeb1133ab453e2308.jpg,data/preprocessed_detection/train/labels/train_287_png.rf.fc6e5964e9ab569aeb1133ab453e2308.txt,22,2048,983
train,data/preprocessed_detection/train/images/train_288_png.rf.1c1d6468d08b9e40c4bc7b98e10888e1.jpg,data/preprocessed_detection/train/labels/train_288_png.rf.1c1d6468d08b9e40c4bc7b98e10888e1.txt,32,2048,1072
train,data/preprocessed_detection/train/images/train_288_png.rf.8773a8fe1e4236bbd4a1c9aaf053e209.jpg,data/preprocessed_detection/train/labels/train_288_png.rf.8773a8fe1e4236bbd4a1c9aaf053e209.txt,32,2048,1072
train,data/preprocessed_detection/train/images/train_288_png.rf.bc296bddb814a05392a4463d38bc3cd8.jpg,data/preprocessed_detection/train/labels/train_288_png.rf.bc296bddb814a05392a4463d38bc3cd8.txt,32,2048,1072
train,data/preprocessed_detection/train/images/train_289_png.rf.02c749341aa80009e2222d5d9a47b3cf.jpg,data/preprocessed_detection/train/labels/train_289_png.rf.02c749341aa80009e2222d5d9a47b3cf.txt,32,2048,1073
train,data/preprocessed_detection/train/images/train_289_png.rf.7a3e579b3edfea30861ba789be88ad9c.jpg,data/preprocessed_detection/train/labels/train_289_png.rf.7a3e579b3edfea30861ba789be88ad9c.txt,32,2048,1073
train,data/preprocessed_detection/train/images/train_289_png.rf.d6252baa29c143b0132daf5007883056.jpg,data/preprocessed_detection/train/labels/train_289_png.rf.d6252baa29c143b0132daf5007883056.txt,32,2048,1073
train,data/preprocessed_detection/train/images/train_28_png.rf.7e936bfaa9fd86f2bad53d924026e742.jpg,data/preprocessed_detection/train/labels/train_28_png.rf.7e936bfaa9fd86f2bad53d924026e742.txt,32,2048,998
train,data/preprocessed_detection/train/images/train_28_png.rf.c0ee9b399a7ad537dc34bd46cc400514.jpg,data/preprocessed_detection/train/labels/train_28_png.rf.c0ee9b399a7ad537dc34bd46cc400514.txt,32,2048,998
train,data/preprocessed_detection/train/images/train_28_png.rf.cf9ea2cab8d75964b32949c01a77d8db.jpg,data/preprocessed_detection/train/labels/train_28_png.rf.cf9ea2cab8d75964b32949c01a77d8db.txt,32,2048,998
train,data/preprocessed_detection/train/images/train_290_png.rf.a56a3e221e7ecb24a084a2e1f497672f.jpg,data/preprocessed_detection/train/labels/train_290_png.rf.a56a3e221e7ecb24a084a2e1f497672f.txt,24,2048,908
train,data/preprocessed_detection/train/images/train_290_png.rf.d07e220faec2360c5f94f510b9bc7d98.jpg,data/preprocessed_detection/train/labels/train_290_png.rf.d07e220faec2360c5f94f510b9bc7d98.txt,24,2048,908
train,data/preprocessed_detection/train/images/train_290_png.rf.f32e90d4eb1203ae52d44171b48600a1.jpg,data/preprocessed_detection/train/labels/train_290_png.rf.f32e90d4eb1203ae52d44171b48600a1.txt,24,2048,908
train,data/preprocessed_detection/train/images/train_292_png.rf.17148f1abc3d09ed3bfae0ee866ae7cb.jpg,data/preprocessed_detection/train/labels/train_292_png.rf.17148f1abc3d09ed3bfae0ee866ae7cb.txt,31,2048,974
train,data/preprocessed_detection/train/images/train_292_png.rf.7fb4b753a6508ff11131d21b6ce6209e.jpg,data/preprocessed_detection/train/labels/train_292_png.rf.7fb4b753a6508ff11131d21b6ce6209e.txt,31,2048,974
train,data/preprocessed_detection/train/images/train_292_png.rf.aad2daee79df984d5eb14ee8f43f823e.jpg,data/preprocessed_detection/train/labels/train_292_png.rf.aad2daee79df984d5eb14ee8f43f823e.txt,31,2048,974
train,data/preprocessed_detection/train/images/train_294_png.rf.a5bd217d5a664c9f989ef3467cf99bb7.jpg,data/preprocessed_detection/train/labels/train_294_png.rf.a5bd217d5a664c9f989ef3467cf99bb7.txt,32,1976,976
train,data/preprocessed_detection/train/images/train_294_png.rf.da70d180bbc1f5eb3d9f6db0dc441ec0.jpg,data/preprocessed_detection/train/labels/train_294_png.rf.da70d180bbc1f5eb3d9f6db0dc441ec0.txt,32,1976,976
train,data/preprocessed_detection/train/images/train_294_png.rf.dcfeea9c812956e19838cc0122c272f8.jpg,data/preprocessed_detection/train/labels/train_294_png.rf.dcfeea9c812956e19838cc0122c272f8.txt,32,1976,976
train,data/preprocessed_detection/train/images/train_295_png.rf.3326a403b567fcbea81cca56fc874f98.jpg,data/preprocessed_detection/train/labels/train_295_png.rf.3326a403b567fcbea81cca56fc874f98.txt,32,1976,976
train,data/preprocessed_detection/train/images/train_295_png.rf.9caa9efaa25ecaa381eb5e847e882281.jpg,data/preprocessed_detection/train/labels/train_295_png.rf.9caa9efaa25ecaa381eb5e847e882281.txt,32,1976,976
train,data/preprocessed_detection/train/images/train_295_png.rf.c3ae2f5745f19b4a8a49b2b17e2f49b1.jpg,data/preprocessed_detection/train/labels/train_295_png.rf.c3ae2f5745f19b4a8a49b2b17e2f49b1.txt,32,1976,976
train,data/preprocessed_detection/train/images/train_296_png.rf.94e6e61c254c87a60fdfb2abf4850a32.jpg,data/preprocessed_detection/train/labels/train_296_png.rf.94e6e61c254c87a60fdfb2abf4850a32.txt,32,2048,970
train,data/preprocessed_detection/train/images/train_296_png.rf.bf097c6351633d3e8eadd4bf1458bdd1.jpg,data/preprocessed_detection/train/labels/train_296_png.rf.bf097c6351633d3e8eadd4bf1458bdd1.txt,32,2048,970
train,data/preprocessed_detection/train/images/train_296_png.rf.d8ea3766276ff57ddba3029cee9a2fc5.jpg,data/preprocessed_detection/train/labels/train_296_png.rf.d8ea3766276ff57ddba3029cee9a2fc5.txt,32,2048,970
train,data/preprocessed_detection/train/images/train_297_png.rf.4f07a94ac25351b980913ac809409095.jpg,data/preprocessed_detection/train/labels/train_297_png.rf.4f07a94ac25351b980913ac809409095.txt,23,2048,937
train,data/preprocessed_detection/train/images/train_297_png.rf.6a14ba378b9ece568f787ac618f2f53f.jpg,data/preprocessed_detection/train/labels/train_297_png.rf.6a14ba378b9ece568f787ac618f2f53f.txt,23,2048,937
train,data/preprocessed_detection/train/images/train_297_png.rf.7485558ef7e12d158aaff74effb1211c.jpg,data/preprocessed_detection/train/labels/train_297_png.rf.7485558ef7e12d158aaff74effb1211c.txt,23,2048,937
train,data/preprocessed_detection/train/images/train_298_png.rf.305b8c2f4e02dd016bb0fc974ed67e7c.jpg,data/preprocessed_detection/train/labels/train_298_png.rf.305b8c2f4e02dd016bb0fc974ed67e7c.txt,30,2048,908
train,data/preprocessed_detection/train/images/train_298_png.rf.ee0dff35f9fd0d7fc8145cd42fbd6e86.jpg,data/preprocessed_detection/train/labels/train_298_png.rf.ee0dff35f9fd0d7fc8145cd42fbd6e86.txt,30,2048,908
train,data/preprocessed_detection/train/images/train_298_png.rf.ee8ac982acb8ceb9fa32716e771d3770.jpg,data/preprocessed_detection/train/labels/train_298_png.rf.ee8ac982acb8ceb9fa32716e771d3770.txt,30,2048,908
train,data/preprocessed_detection/train/images/train_299_png.rf.40dd31410e1064ff6dc12b1613b2ea7c.jpg,data/preprocessed_detection/train/labels/train_299_png.rf.40dd31410e1064ff6dc12b1613b2ea7c.txt,29,2048,960
train,data/preprocessed_detection/train/images/train_299_png.rf.d9edb2d513e04bde038833384fed416e.jpg,data/preprocessed_detection/train/labels/train_299_png.rf.d9edb2d513e04bde038833384fed416e.txt,29,2048,960
train,data/preprocessed_detection/train/images/train_299_png.rf.eb5d15d7f04d1d231545dccede5243d8.jpg,data/preprocessed_detection/train/labels/train_299_png.rf.eb5d15d7f04d1d231545dccede5243d8.txt,29,2048,960
train,data/preprocessed_detection/train/images/train_2_png.rf.0167e030251c4e4ba46cf38934d077aa.jpg,data/preprocessed_detection/train/labels/train_2_png.rf.0167e030251c4e4ba46cf38934d077aa.txt,30,2048,1072
train,data/preprocessed_detection/train/images/train_2_png.rf.1767a74217bbdc71c373dddff7a3a911.jpg,data/preprocessed_detection/train/labels/train_2_png.rf.1767a74217bbdc71c373dddff7a3a911.txt,30,2048,1072
train,data/preprocessed_detection/train/images/train_2_png.rf.62c3458bbcc9c6e142aa6aae76afacee.jpg,data/preprocessed_detection/train/labels/train_2_png.rf.62c3458bbcc9c6e142aa6aae76afacee.txt,30,2048,1072
train,data/preprocessed_detection/train/images/train_301_png.rf.a1aaedee4fb1e56cfd5e3c5188756e20.jpg,data/preprocessed_detection/train/labels/train_301_png.rf.a1aaedee4fb1e56cfd5e3c5188756e20.txt,30,2048,1073
train,data/preprocessed_detection/train/images/train_301_png.rf.cf5f588fa831c8cf150c8ca0a8120e74.jpg,data/preprocessed_detection/train/labels/train_301_png.rf.cf5f588fa831c8cf150c8ca0a8120e74.txt,30,2048,1073
train,data/preprocessed_detection/train/images/train_301_png.rf.f441428fe0e3ca6e3c9192c33d47e542.jpg,data/preprocessed_detection/train/labels/train_301_png.rf.f441428fe0e3ca6e3c9192c33d47e542.txt,30,2048,1073
train,data/preprocessed_detection/train/images/train_302_png.rf.2a39b2967b0d683515abe5c2a6ffd7b5.jpg,data/preprocessed_detection/train/labels/train_302_png.rf.2a39b2967b0d683515abe5c2a6ffd7b5.txt,31,2048,902
train,data/preprocessed_detection/train/images/train_302_png.rf.9e7a454b3b78a5c94aa984ff8e31fe96.jpg,data/preprocessed_detection/train/labels/train_302_png.rf.9e7a454b3b78a5c94aa984ff8e31fe96.txt,31,2048,902
train,data/preprocessed_detection/train/images/train_302_png.rf.e4b06b93677e2217977b71f0e43bfbe8.jpg,data/preprocessed_detection/train/labels/train_302_png.rf.e4b06b93677e2217977b71f0e43bfbe8.txt,31,2048,902
train,data/preprocessed_detection/train/images/train_304_png.rf.116fbab1657835f21221e05edd1e19c3.jpg,data/preprocessed_detection/train/labels/train_304_png.rf.116fbab1657835f21221e05edd1e19c3.txt,31,2048,931
train,data/preprocessed_detection/train/images/train_304_png.rf.4c115dca9d2a1272e7562c87c8257a90.jpg,data/preprocessed_detection/train/labels/train_304_png.rf.4c115dca9d2a1272e7562c87c8257a90.txt,31,2048,931
train,data/preprocessed_detection/train/images/train_304_png.rf.f6dd23683d25165592df71e41bd148e6.jpg,data/preprocessed_detection/train/labels/train_304_png.rf.f6dd23683d25165592df71e41bd148e6.txt,31,2048,931
train,data/preprocessed_detection/train/images/train_305_png.rf.108674881cb45d98bad40fecdd7407d9.jpg,data/preprocessed_detection/train/labels/train_305_png.rf.108674881cb45d98bad40fecdd7407d9.txt,29,2048,947
train,data/preprocessed_detection/train/images/train_305_png.rf.5352b6535d5ce600948beaaae541dbd0.jpg,data/preprocessed_detection/train/labels/train_305_png.rf.5352b6535d5ce600948beaaae541dbd0.txt,29,2048,947
train,data/preprocessed_detection/train/images/train_305_png.rf.e1e05e0479bb63185cc05f06b23ba7e9.jpg,data/preprocessed_detection/train/labels/train_305_png.rf.e1e05e0479bb63185cc05f06b23ba7e9.txt,29,2048,947
train,data/preprocessed_detection/train/images/train_308_png.rf.16da52f50d7256ef110fed3a1b5748af.jpg,data/preprocessed_detection/train/labels/train_308_png.rf.16da52f50d7256ef110fed3a1b5748af.txt,30,2048,921
train,data/preprocessed_detection/train/images/train_308_png.rf.4360b0cd2043e5930a3da8dbe564af1c.jpg,data/preprocessed_detection/train/labels/train_308_png.rf.4360b0cd2043e5930a3da8dbe564af1c.txt,30,2048,921
train,data/preprocessed_detection/train/images/train_308_png.rf.610e2d8df53b8e1056fc8b22b073ae20.jpg,data/preprocessed_detection/train/labels/train_308_png.rf.610e2d8df53b8e1056fc8b22b073ae20.txt,30,2048,921
train,data/preprocessed_detection/train/images/train_309_png.rf.3bcd03526615157bc1d3a936d27660cb.jpg,data/preprocessed_detection/train/labels/train_309_png.rf.3bcd03526615157bc1d3a936d27660cb.txt,32,2047,916
train,data/preprocessed_detection/train/images/train_309_png.rf.9189b5467206d1677a65eb5f818e9d54.jpg,data/preprocessed_detection/train/labels/train_309_png.rf.9189b5467206d1677a65eb5f818e9d54.txt,32,2047,916
train,data/preprocessed_detection/train/images/train_309_png.rf.a05490e2585863c7338e5f36397e7725.jpg,data/preprocessed_detection/train/labels/train_309_png.rf.a05490e2585863c7338e5f36397e7725.txt,32,2047,916
train,data/preprocessed_detection/train/images/train_310_png.rf.46ed36b5456cd2a818952b31ed4df16b.jpg,data/preprocessed_detection/train/labels/train_310_png.rf.46ed36b5456cd2a818952b31ed4df16b.txt,30,1976,976
train,data/preprocessed_detection/train/images/train_310_png.rf.85deb3f682347de099adc5a75ca2ad2f.jpg,data/preprocessed_detection/train/labels/train_310_png.rf.85deb3f682347de099adc5a75ca2ad2f.txt,30,1976,976
train,data/preprocessed_detection/train/images/train_310_png.rf.b464b406fcd1f1eda148243b23d4bbb8.jpg,data/preprocessed_detection/train/labels/train_310_png.rf.b464b406fcd1f1eda148243b23d4bbb8.txt,30,1976,976
train,data/preprocessed_detection/train/images/train_311_png.rf.bc62c43efb53acb133e907ea8f4429e5.jpg,data/preprocessed_detection/train/labels/train_311_png.rf.bc62c43efb53acb133e907ea8f4429e5.txt,28,2048,933
train,data/preprocessed_detection/train/images/train_311_png.rf.de082d960e12f69d8753193886818613.jpg,data/preprocessed_detection/train/labels/train_311_png.rf.de082d960e12f69d8753193886818613.txt,28,2048,933
train,data/preprocessed_detection/train/images/train_311_png.rf.f2549baa30b3d4362c740d4ee87f4480.jpg,data/preprocessed_detection/train/labels/train_311_png.rf.f2549baa30b3d4362c740d4ee87f4480.txt,28,2048,933
train,data/preprocessed_detection/train/images/train_315_png.rf.03ad87e740020a36269c67e9795bc57c.jpg,data/preprocessed_detection/train/labels/train_315_png.rf.03ad87e740020a36269c67e9795bc57c.txt,28,2047,945
train,data/preprocessed_detection/train/images/train_315_png.rf.1792badfd7ca65b2745dc1db3bc38511.jpg,data/preprocessed_detection/train/labels/train_315_png.rf.1792badfd7ca65b2745dc1db3bc38511.txt,28,2047,945
train,data/preprocessed_detection/train/images/train_315_png.rf.fa6814e94ba640be5c82614e1a94d59c.jpg,data/preprocessed_detection/train/labels/train_315_png.rf.fa6814e94ba640be5c82614e1a94d59c.txt,28,2047,945
train,data/preprocessed_detection/train/images/train_316_png.rf.60206965d75278064401ab4b7272b551.jpg,data/preprocessed_detection/train/labels/train_316_png.rf.60206965d75278064401ab4b7272b551.txt,29,2048,911
train,data/preprocessed_detection/train/images/train_316_png.rf.9ff95b22ef12a9b845cda94121b02f07.jpg,data/preprocessed_detection/train/labels/train_316_png.rf.9ff95b22ef12a9b845cda94121b02f07.txt,29,2048,911
train,data/preprocessed_detection/train/images/train_316_png.rf.b87b67bed73f145d5bec459334bf94ae.jpg,data/preprocessed_detection/train/labels/train_316_png.rf.b87b67bed73f145d5bec459334bf94ae.txt,29,2048,911
train,data/preprocessed_detection/train/images/train_317_png.rf.5773704d8cd565cd90dea5273521d2b3.jpg,data/preprocessed_detection/train/labels/train_317_png.rf.5773704d8cd565cd90dea5273521d2b3.txt,32,2048,949
train,data/preprocessed_detection/train/images/train_317_png.rf.7efc4f33ba12cb401c151f4dca9612de.jpg,data/preprocessed_detection/train/labels/train_317_png.rf.7efc4f33ba12cb401c151f4dca9612de.txt,32,2048,949
train,data/preprocessed_detection/train/images/train_317_png.rf.945f1debdeebea7d3c6faa3285f3241f.jpg,data/preprocessed_detection/train/labels/train_317_png.rf.945f1debdeebea7d3c6faa3285f3241f.txt,32,2048,949
train,data/preprocessed_detection/train/images/train_318_png.rf.55845019362ca4dab790f2fe63a3f881.jpg,data/preprocessed_detection/train/labels/train_318_png.rf.55845019362ca4dab790f2fe63a3f881.txt,30,2047,916
train,data/preprocessed_detection/train/images/train_318_png.rf.57ffe91db99e036b387370e3dad737c3.jpg,data/preprocessed_detection/train/labels/train_318_png.rf.57ffe91db99e036b387370e3dad737c3.txt,30,2047,916
train,data/preprocessed_detection/train/images/train_318_png.rf.ba3ec03c56dd3b8e3b80f13a2ba6d651.jpg,data/preprocessed_detection/train/labels/train_318_png.rf.ba3ec03c56dd3b8e3b80f13a2ba6d651.txt,30,2047,916
train,data/preprocessed_detection/train/images/train_319_png.rf.18427395db4319097e4ccfe313e50036.jpg,data/preprocessed_detection/train/labels/train_319_png.rf.18427395db4319097e4ccfe313e50036.txt,30,2047,983
train,data/preprocessed_detection/train/images/train_319_png.rf.9b49939e7d3c11b7fca1ba000cff5a4f.jpg,data/preprocessed_detection/train/labels/train_319_png.rf.9b49939e7d3c11b7fca1ba000cff5a4f.txt,30,2047,983
train,data/preprocessed_detection/train/images/train_319_png.rf.d0651ee30de64a59be70c97776357859.jpg,data/preprocessed_detection/train/labels/train_319_png.rf.d0651ee30de64a59be70c97776357859.txt,30,2047,983
train,data/preprocessed_detection/train/images/train_31_png.rf.362ae856ea43296bafe4f4889e51af97.jpg,data/preprocessed_detection/train/labels/train_31_png.rf.362ae856ea43296bafe4f4889e51af97.txt,32,2048,952
train,data/preprocessed_detection/train/images/train_31_png.rf.73c2b1639158ca315288daab07dfda5b.jpg,data/preprocessed_detection/train/labels/train_31_png.rf.73c2b1639158ca315288daab07dfda5b.txt,32,2048,952
train,data/preprocessed_detection/train/images/train_31_png.rf.e0dcfe747d2da6164fa7ead30cdcd144.jpg,data/preprocessed_detection/train/labels/train_31_png.rf.e0dcfe747d2da6164fa7ead30cdcd144.txt,32,2048,952
train,data/preprocessed_detection/train/images/train_323_png.rf.1efa0ef2e95612a18959418f5f096919.jpg,data/preprocessed_detection/train/labels/train_323_png.rf.1efa0ef2e95612a18959418f5f096919.txt,32,2048,955
train,data/preprocessed_detection/train/images/train_323_png.rf.29683d57b96b9f1486a6ef30d9940d21.jpg,data/preprocessed_detection/train/labels/train_323_png.rf.29683d57b96b9f1486a6ef30d9940d21.txt,32,2048,955
train,data/preprocessed_detection/train/images/train_323_png.rf.520255973af1b211d5a53b2215a4396c.jpg,data/preprocessed_detection/train/labels/train_323_png.rf.520255973af1b211d5a53b2215a4396c.txt,32,2048,955
train,data/preprocessed_detection/train/images/train_324_png.rf.0828867e7fb7757ca9d6f23347fe9050.jpg,data/preprocessed_detection/train/labels/train_324_png.rf.0828867e7fb7757ca9d6f23347fe9050.txt,29,2048,1014
train,data/preprocessed_detection/train/images/train_324_png.rf.cbdd8995f425d973e3f4c51af000ec21.jpg,data/preprocessed_detection/train/labels/train_324_png.rf.cbdd8995f425d973e3f4c51af000ec21.txt,29,2048,1014
train,data/preprocessed_detection/train/images/train_324_png.rf.d90c34286442e364ed8133b32249d29d.jpg,data/preprocessed_detection/train/labels/train_324_png.rf.d90c34286442e364ed8133b32249d29d.txt,29,2048,1014
train,data/preprocessed_detection/train/images/train_325_png.rf.454e1f7b474719e20825ba6342324d1c.jpg,data/preprocessed_detection/train/labels/train_325_png.rf.454e1f7b474719e20825ba6342324d1c.txt,31,2048,947
train,data/preprocessed_detection/train/images/train_325_png.rf.998ad36cda86ae897088c69191f94e6d.jpg,data/preprocessed_detection/train/labels/train_325_png.rf.998ad36cda86ae897088c69191f94e6d.txt,31,2048,947
train,data/preprocessed_detection/train/images/train_325_png.rf.baf30ec96911d303b9fba8202f1e37f3.jpg,data/preprocessed_detection/train/labels/train_325_png.rf.baf30ec96911d303b9fba8202f1e37f3.txt,31,2048,947
train,data/preprocessed_detection/train/images/train_326_png.rf.781027f88fd2f0c75b45569968ef94b3.jpg,data/preprocessed_detection/train/labels/train_326_png.rf.781027f88fd2f0c75b45569968ef94b3.txt,26,2048,901
train,data/preprocessed_detection/train/images/train_326_png.rf.86860f7deeb7954c62d7149ef812ed71.jpg,data/preprocessed_detection/train/labels/train_326_png.rf.86860f7deeb7954c62d7149ef812ed71.txt,26,2048,901
train,data/preprocessed_detection/train/images/train_326_png.rf.fcbf8961c4b2d03e525091f7956c1cf5.jpg,data/preprocessed_detection/train/labels/train_326_png.rf.fcbf8961c4b2d03e525091f7956c1cf5.txt,26,2048,901
train,data/preprocessed_detection/train/images/train_327_png.rf.11098090dd589004b33d2842cc260368.jpg,data/preprocessed_detection/train/labels/train_327_png.rf.11098090dd589004b33d2842cc260368.txt,26,1976,976
train,data/preprocessed_detection/train/images/train_327_png.rf.a23e4fd899a06dd249e7dbc16d4c2ee7.jpg,data/preprocessed_detection/train/labels/train_327_png.rf.a23e4fd899a06dd249e7dbc16d4c2ee7.txt,26,1976,976
train,data/preprocessed_detection/train/images/train_327_png.rf.af351e65dfe6537624079e2f449a673b.jpg,data/preprocessed_detection/train/labels/train_327_png.rf.af351e65dfe6537624079e2f449a673b.txt,26,1976,976
train,data/preprocessed_detection/train/images/train_329_png.rf.148d8fe0d571d9c55eda6f99ff2ca2fb.jpg,data/preprocessed_detection/train/labels/train_329_png.rf.148d8fe0d571d9c55eda6f99ff2ca2fb.txt,22,2048,977
train,data/preprocessed_detection/train/images/train_329_png.rf.92aa544c1d087ddcf5137bf17019b97a.jpg,data/preprocessed_detection/train/labels/train_329_png.rf.92aa544c1d087ddcf5137bf17019b97a.txt,22,2048,977
train,data/preprocessed_detection/train/images/train_329_png.rf.cc33770d0ca6cfa29062e47216e5119c.jpg,data/preprocessed_detection/train/labels/train_329_png.rf.cc33770d0ca6cfa29062e47216e5119c.txt,22,2048,977
train,data/preprocessed_detection/train/images/train_32_png.rf.0e59316b01b75d56094f6c58a0288d1d.jpg,data/preprocessed_detection/train/labels/train_32_png.rf.0e59316b01b75d56094f6c58a0288d1d.txt,29,2048,923
train,data/preprocessed_detection/train/images/train_32_png.rf.9c0051e2c2800e9f97d99ec8e01f4430.jpg,data/preprocessed_detection/train/labels/train_32_png.rf.9c0051e2c2800e9f97d99ec8e01f4430.txt,29,2048,923
train,data/preprocessed_detection/train/images/train_32_png.rf.f8184132c9c7467d2e18a8c07c729ded.jpg,data/preprocessed_detection/train/labels/train_32_png.rf.f8184132c9c7467d2e18a8c07c729ded.txt,29,2048,923
train,data/preprocessed_detection/train/images/train_330_png.rf.558cd7893c7869853612b832c199d3e3.jpg,data/preprocessed_detection/train/labels/train_330_png.rf.558cd7893c7869853612b832c199d3e3.txt,29,2048,961
train,data/preprocessed_detection/train/images/train_330_png.rf.5f229e21b25fdb6f70b5d51edd084789.jpg,data/preprocessed_detection/train/labels/train_330_png.rf.5f229e21b25fdb6f70b5d51edd084789.txt,29,2048,961
train,data/preprocessed_detection/train/images/train_330_png.rf.615382c03502f58f145f3076542249c9.jpg,data/preprocessed_detection/train/labels/train_330_png.rf.615382c03502f58f145f3076542249c9.txt,29,2048,961
train,data/preprocessed_detection/train/images/train_333_png.rf.736c9ad38305da5cd5caebaff30fa23d.jpg,data/preprocessed_detection/train/labels/train_333_png.rf.736c9ad38305da5cd5caebaff30fa23d.txt,23,2048,1072
train,data/preprocessed_detection/train/images/train_333_png.rf.82ee3aca510ed85ebf738c891ca45bc6.jpg,data/preprocessed_detection/train/labels/train_333_png.rf.82ee3aca510ed85ebf738c891ca45bc6.txt,23,2048,1072
train,data/preprocessed_detection/train/images/train_333_png.rf.c207f921b51f7852b8a77e078f534af1.jpg,data/preprocessed_detection/train/labels/train_333_png.rf.c207f921b51f7852b8a77e078f534af1.txt,23,2048,1072
train,data/preprocessed_detection/train/images/train_334_png.rf.2f3a9d9b456612cde3c79baa53902b70.jpg,data/preprocessed_detection/train/labels/train_334_png.rf.2f3a9d9b456612cde3c79baa53902b70.txt,26,2047,943
train,data/preprocessed_detection/train/images/train_334_png.rf.67d7d6d21dc188704a82631bf2f2bab3.jpg,data/preprocessed_detection/train/labels/train_334_png.rf.67d7d6d21dc188704a82631bf2f2bab3.txt,26,2047,943
train,data/preprocessed_detection/train/images/train_334_png.rf.d194b6799a77dc082205ec4fc256a458.jpg,data/preprocessed_detection/train/labels/train_334_png.rf.d194b6799a77dc082205ec4fc256a458.txt,26,2047,943
train,data/preprocessed_detection/train/images/train_335_png.rf.3a0492f23265b971517544e9ddd325ea.jpg,data/preprocessed_detection/train/labels/train_335_png.rf.3a0492f23265b971517544e9ddd325ea.txt,32,2048,906
train,data/preprocessed_detection/train/images/train_335_png.rf.614b64760bacec6eeb1fb41d38addfac.jpg,data/preprocessed_detection/train/labels/train_335_png.rf.614b64760bacec6eeb1fb41d38addfac.txt,32,2048,906
train,data/preprocessed_detection/train/images/train_335_png.rf.c99252fb742d59d5d1ae121055a155a2.jpg,data/preprocessed_detection/train/labels/train_335_png.rf.c99252fb742d59d5d1ae121055a155a2.txt,32,2048,906
train,data/preprocessed_detection/train/images/train_336_png.rf.883055a0f5ec2b6fe522aeac5616f101.jpg,data/preprocessed_detection/train/labels/train_336_png.rf.883055a0f5ec2b6fe522aeac5616f101.txt,24,2048,966
train,data/preprocessed_detection/train/images/train_336_png.rf.c18f4391fc6fe551cf542bb7986651c1.jpg,data/preprocessed_detection/train/labels/train_336_png.rf.c18f4391fc6fe551cf542bb7986651c1.txt,24,2048,966
train,data/preprocessed_detection/train/images/train_336_png.rf.e8ae5839b8fdd0780bee582d3be20d5e.jpg,data/preprocessed_detection/train/labels/train_336_png.rf.e8ae5839b8fdd0780bee582d3be20d5e.txt,24,2048,966
train,data/preprocessed_detection/train/images/train_337_png.rf.3d969f51fe3a0a27fcdb51910982e917.jpg,data/preprocessed_detection/train/labels/train_337_png.rf.3d969f51fe3a0a27fcdb51910982e917.txt,28,2048,920
train,data/preprocessed_detection/train/images/train_337_png.rf.858a87d479d39ce07e1ad141e3b34a88.jpg,data/preprocessed_detection/train/labels/train_337_png.rf.858a87d479d39ce07e1ad141e3b34a88.txt,28,2048,920
train,data/preprocessed_detection/train/images/train_337_png.rf.e3b402898ec15a56cb63a6c137989534.jpg,data/preprocessed_detection/train/labels/train_337_png.rf.e3b402898ec15a56cb63a6c137989534.txt,28,2048,920
train,data/preprocessed_detection/train/images/train_338_png.rf.58c544f831b22b9b0b8108cad864b69f.jpg,data/preprocessed_detection/train/labels/train_338_png.rf.58c544f831b22b9b0b8108cad864b69f.txt,31,2048,949
train,data/preprocessed_detection/train/images/train_338_png.rf.8acd941fd5782a9c609964df3eeff403.jpg,data/preprocessed_detection/train/labels/train_338_png.rf.8acd941fd5782a9c609964df3eeff403.txt,31,2048,949
train,data/preprocessed_detection/train/images/train_338_png.rf.fa79b8f684cf1b9ebd4b87e950587f87.jpg,data/preprocessed_detection/train/labels/train_338_png.rf.fa79b8f684cf1b9ebd4b87e950587f87.txt,31,2048,949
train,data/preprocessed_detection/train/images/train_339_png.rf.0c57ce2066e7920d77f6ec8299a58c17.jpg,data/preprocessed_detection/train/labels/train_339_png.rf.0c57ce2066e7920d77f6ec8299a58c17.txt,31,2048,951
train,data/preprocessed_detection/train/images/train_339_png.rf.738de91c6855f7f5b68d7e8e79881d67.jpg,data/preprocessed_detection/train/labels/train_339_png.rf.738de91c6855f7f5b68d7e8e79881d67.txt,31,2048,951
train,data/preprocessed_detection/train/images/train_339_png.rf.a42c09ab076be658a38739b542b691e5.jpg,data/preprocessed_detection/train/labels/train_339_png.rf.a42c09ab076be658a38739b542b691e5.txt,31,2048,951
train,data/preprocessed_detection/train/images/train_33_png.rf.38a6449b1173e88cdd49854d0e13beac.jpg,data/preprocessed_detection/train/labels/train_33_png.rf.38a6449b1173e88cdd49854d0e13beac.txt,30,1976,976
train,data/preprocessed_detection/train/images/train_33_png.rf.e3d61674deae82bf7752903ccaeb7370.jpg,data/preprocessed_detection/train/labels/train_33_png.rf.e3d61674deae82bf7752903ccaeb7370.txt,30,1976,976
train,data/preprocessed_detection/train/images/train_33_png.rf.e963dfbd3182e962d1f33840c24a36f2.jpg,data/preprocessed_detection/train/labels/train_33_png.rf.e963dfbd3182e962d1f33840c24a36f2.txt,30,1976,976
train,data/preprocessed_detection/train/images/train_340_png.rf.8a9c824f7ebcda1d9b0cd15db749f65a.jpg,data/preprocessed_detection/train/labels/train_340_png.rf.8a9c824f7ebcda1d9b0cd15db749f65a.txt,31,2048,959
train,data/preprocessed_detection/train/images/train_340_png.rf.a11583a7cde36dab76e35979dc2dde96.jpg,data/preprocessed_detection/train/labels/train_340_png.rf.a11583a7cde36dab76e35979dc2dde96.txt,31,2048,959
train,data/preprocessed_detection/train/images/train_340_png.rf.f4aedc9c9d46078588c735759ba7ac44.jpg,data/preprocessed_detection/train/labels/train_340_png.rf.f4aedc9c9d46078588c735759ba7ac44.txt,31,2048,959
train,data/preprocessed_detection/train/images/train_341_png.rf.205cd8db25ff5eabf50ba61331c56d3f.jpg,data/preprocessed_detection/train/labels/train_341_png.rf.205cd8db25ff5eabf50ba61331c56d3f.txt,26,2048,918
train,data/preprocessed_detection/train/images/train_341_png.rf.ca73bfa8f6a2e9991203888a3ae2f966.jpg,data/preprocessed_detection/train/labels/train_341_png.rf.ca73bfa8f6a2e9991203888a3ae2f966.txt,26,2048,918
train,data/preprocessed_detection/train/images/train_341_png.rf.e293c2c8740354bd15b67833e53a38ba.jpg,data/preprocessed_detection/train/labels/train_341_png.rf.e293c2c8740354bd15b67833e53a38ba.txt,26,2048,918
train,data/preprocessed_detection/train/images/train_342_png.rf.03ac378b38b150a4adb11e03629970a1.jpg,data/preprocessed_detection/train/labels/train_342_png.rf.03ac378b38b150a4adb11e03629970a1.txt,28,2048,929
train,data/preprocessed_detection/train/images/train_342_png.rf.4e8dabdfeebc850e578c6dbfb1d9ed22.jpg,data/preprocessed_detection/train/labels/train_342_png.rf.4e8dabdfeebc850e578c6dbfb1d9ed22.txt,28,2048,929
train,data/preprocessed_detection/train/images/train_342_png.rf.5929d11fc11175cdbc80bad3a89b179a.jpg,data/preprocessed_detection/train/labels/train_342_png.rf.5929d11fc11175cdbc80bad3a89b179a.txt,28,2048,929
train,data/preprocessed_detection/train/images/train_343_png.rf.a38613cd0a69b87b5e350b4a3e467444.jpg,data/preprocessed_detection/train/labels/train_343_png.rf.a38613cd0a69b87b5e350b4a3e467444.txt,29,2048,1072
train,data/preprocessed_detection/train/images/train_343_png.rf.a926b7e20d407e57fedc409785cfef14.jpg,data/preprocessed_detection/train/labels/train_343_png.rf.a926b7e20d407e57fedc409785cfef14.txt,29,2048,1072
train,data/preprocessed_detection/train/images/train_343_png.rf.e7d25c9fd4147d198501c758eeac2630.jpg,data/preprocessed_detection/train/labels/train_343_png.rf.e7d25c9fd4147d198501c758eeac2630.txt,29,2048,1072
train,data/preprocessed_detection/train/images/train_344_png.rf.46cb8090f8ce0d2520cc94c9adff0622.jpg,data/preprocessed_detection/train/labels/train_344_png.rf.46cb8090f8ce0d2520cc94c9adff0622.txt,30,2048,960
train,data/preprocessed_detection/train/images/train_344_png.rf.474ea4e6e7f1cddc9cc90f9748a483fb.jpg,data/preprocessed_detection/train/labels/train_344_png.rf.474ea4e6e7f1cddc9cc90f9748a483fb.txt,30,2048,960
train,data/preprocessed_detection/train/images/train_344_png.rf.4f48c1f290fe5f064981e028f52fa90d.jpg,data/preprocessed_detection/train/labels/train_344_png.rf.4f48c1f290fe5f064981e028f52fa90d.txt,30,2048,960
train,data/preprocessed_detection/train/images/train_346_png.rf.3d5040989bd693389e8a9f63dea862e6.jpg,data/preprocessed_detection/train/labels/train_346_png.rf.3d5040989bd693389e8a9f63dea862e6.txt,26,2048,922
train,data/preprocessed_detection/train/images/train_346_png.rf.b65048583a65540cb78b0b95bf0721f2.jpg,data/preprocessed_detection/train/labels/train_346_png.rf.b65048583a65540cb78b0b95bf0721f2.txt,26,2048,922
train,data/preprocessed_detection/train/images/train_346_png.rf.e37410b1f6a6fc158282813a95de44e7.jpg,data/preprocessed_detection/train/labels/train_346_png.rf.e37410b1f6a6fc158282813a95de44e7.txt,26,2048,922
train,data/preprocessed_detection/train/images/train_349_png.rf.1f8f611cb2402b03b281a3a7e75e7b5a.jpg,data/preprocessed_detection/train/labels/train_349_png.rf.1f8f611cb2402b03b281a3a7e75e7b5a.txt,26,2048,993
train,data/preprocessed_detection/train/images/train_349_png.rf.7760fd0713f0f332cf749e4a9a67d791.jpg,data/preprocessed_detection/train/labels/train_349_png.rf.7760fd0713f0f332cf749e4a9a67d791.txt,26,2048,993
train,data/preprocessed_detection/train/images/train_349_png.rf.d1de4a5a79e6de5f19a5407b43a16c15.jpg,data/preprocessed_detection/train/labels/train_349_png.rf.d1de4a5a79e6de5f19a5407b43a16c15.txt,26,2048,993
train,data/preprocessed_detection/train/images/train_351_png.rf.000ccd6164076a371eba4815511353fd.jpg,data/preprocessed_detection/train/labels/train_351_png.rf.000ccd6164076a371eba4815511353fd.txt,30,2047,980
train,data/preprocessed_detection/train/images/train_351_png.rf.c04f36c608b8b47245c0f563e2beb0e7.jpg,data/preprocessed_detection/train/labels/train_351_png.rf.c04f36c608b8b47245c0f563e2beb0e7.txt,30,2047,980
train,data/preprocessed_detection/train/images/train_351_png.rf.cb7450e34c5c234372efa5010b9e3410.jpg,data/preprocessed_detection/train/labels/train_351_png.rf.cb7450e34c5c234372efa5010b9e3410.txt,30,2047,980
train,data/preprocessed_detection/train/images/train_352_png.rf.0672a5b24ae665300f7a38ab287a0acb.jpg,data/preprocessed_detection/train/labels/train_352_png.rf.0672a5b24ae665300f7a38ab287a0acb.txt,24,2048,967
train,data/preprocessed_detection/train/images/train_352_png.rf.86ac02ab4356b905ba0f1d31e852b3f9.jpg,data/preprocessed_detection/train/labels/train_352_png.rf.86ac02ab4356b905ba0f1d31e852b3f9.txt,24,2048,967
train,data/preprocessed_detection/train/images/train_352_png.rf.e7ee6c0b845094a6c388738b433989ba.jpg,data/preprocessed_detection/train/labels/train_352_png.rf.e7ee6c0b845094a6c388738b433989ba.txt,24,2048,967
train,data/preprocessed_detection/train/images/train_353_png.rf.0b660a7429d40dd7789354f03ca3511b.jpg,data/preprocessed_detection/train/labels/train_353_png.rf.0b660a7429d40dd7789354f03ca3511b.txt,32,2048,1011
train,data/preprocessed_detection/train/images/train_353_png.rf.1dc0de3d9c2baf0852c4c6e5dbf5a481.jpg,data/preprocessed_detection/train/labels/train_353_png.rf.1dc0de3d9c2baf0852c4c6e5dbf5a481.txt,32,2048,1011
train,data/preprocessed_detection/train/images/train_353_png.rf.c7ff1281aa3348c30f15d5574f4bada8.jpg,data/preprocessed_detection/train/labels/train_353_png.rf.c7ff1281aa3348c30f15d5574f4bada8.txt,32,2048,1011
train,data/preprocessed_detection/train/images/train_354_png.rf.001178a4e14d738e0cc483298df75129.jpg,data/preprocessed_detection/train/labels/train_354_png.rf.001178a4e14d738e0cc483298df75129.txt,32,2048,942
train,data/preprocessed_detection/train/images/train_354_png.rf.620afd684c4b80669074e469f7b2d113.jpg,data/preprocessed_detection/train/labels/train_354_png.rf.620afd684c4b80669074e469f7b2d113.txt,32,2048,942
train,data/preprocessed_detection/train/images/train_354_png.rf.faaee34e1d450137f044db9a64f3d6d3.jpg,data/preprocessed_detection/train/labels/train_354_png.rf.faaee34e1d450137f044db9a64f3d6d3.txt,32,2048,942
train,data/preprocessed_detection/train/images/train_355_png.rf.57cb7fa5aff661172e3c63ee091966a7.jpg,data/preprocessed_detection/train/labels/train_355_png.rf.57cb7fa5aff661172e3c63ee091966a7.txt,30,2048,937
train,data/preprocessed_detection/train/images/train_355_png.rf.bb9fd9088ea1999ef0e4c675e898b9ba.jpg,data/preprocessed_detection/train/labels/train_355_png.rf.bb9fd9088ea1999ef0e4c675e898b9ba.txt,30,2048,937
train,data/preprocessed_detection/train/images/train_355_png.rf.cd49a8ea886d9d1a89953d593827f656.jpg,data/preprocessed_detection/train/labels/train_355_png.rf.cd49a8ea886d9d1a89953d593827f656.txt,30,2048,937
train,data/preprocessed_detection/train/images/train_356_png.rf.84c466ad48dcef0863be2cf8647f4d03.jpg,data/preprocessed_detection/train/labels/train_356_png.rf.84c466ad48dcef0863be2cf8647f4d03.txt,24,2048,914
train,data/preprocessed_detection/train/images/train_356_png.rf.99808be5b1dfa8f22b176127d870a9fe.jpg,data/preprocessed_detection/train/labels/train_356_png.rf.99808be5b1dfa8f22b176127d870a9fe.txt,24,2048,914
train,data/preprocessed_detection/train/images/train_356_png.rf.b43a4d3f4459fbe82015632619fa9b2d.jpg,data/preprocessed_detection/train/labels/train_356_png.rf.b43a4d3f4459fbe82015632619fa9b2d.txt,24,2048,914
train,data/preprocessed_detection/train/images/train_357_png.rf.583eb4ad648bbd4259833c4abf0c8a2d.jpg,data/preprocessed_detection/train/labels/train_357_png.rf.583eb4ad648bbd4259833c4abf0c8a2d.txt,28,2048,1014
train,data/preprocessed_detection/train/images/train_357_png.rf.8930cca3643f77260f894f7e85479b1f.jpg,data/preprocessed_detection/train/labels/train_357_png.rf.8930cca3643f77260f894f7e85479b1f.txt,28,2048,1014
train,data/preprocessed_detection/train/images/train_357_png.rf.96b83374b5eb35486a54b9dfc0e890a0.jpg,data/preprocessed_detection/train/labels/train_357_png.rf.96b83374b5eb35486a54b9dfc0e890a0.txt,28,2048,1014
train,data/preprocessed_detection/train/images/train_360_png.rf.047d75536e68e225b5dc58b7a074ebb8.jpg,data/preprocessed_detection/train/labels/train_360_png.rf.047d75536e68e225b5dc58b7a074ebb8.txt,32,2048,1014
train,data/preprocessed_detection/train/images/train_360_png.rf.b96137615b01139a4927f976171617c2.jpg,data/preprocessed_detection/train/labels/train_360_png.rf.b96137615b01139a4927f976171617c2.txt,32,2048,1014
train,data/preprocessed_detection/train/images/train_360_png.rf.f5ac4a3f2a493c8048a5655ed5e68750.jpg,data/preprocessed_detection/train/labels/train_360_png.rf.f5ac4a3f2a493c8048a5655ed5e68750.txt,32,2048,1014
train,data/preprocessed_detection/train/images/train_361_png.rf.5171986c2dace6528a0472327d7c9384.jpg,data/preprocessed_detection/train/labels/train_361_png.rf.5171986c2dace6528a0472327d7c9384.txt,22,2048,923
train,data/preprocessed_detection/train/images/train_361_png.rf.5a82a65edfa49bf580c5cd2b79b5a79b.jpg,data/preprocessed_detection/train/labels/train_361_png.rf.5a82a65edfa49bf580c5cd2b79b5a79b.txt,22,2048,923
train,data/preprocessed_detection/train/images/train_361_png.rf.9cc695e28983faf1b545433ee7829c92.jpg,data/preprocessed_detection/train/labels/train_361_png.rf.9cc695e28983faf1b545433ee7829c92.txt,22,2048,923
train,data/preprocessed_detection/train/images/train_364_png.rf.3e4f48a56bae75afefacdf28968225d7.jpg,data/preprocessed_detection/train/labels/train_364_png.rf.3e4f48a56bae75afefacdf28968225d7.txt,32,2048,1072
train,data/preprocessed_detection/train/images/train_364_png.rf.7527b4c649c2e59e4aee70e90150f9a3.jpg,data/preprocessed_detection/train/labels/train_364_png.rf.7527b4c649c2e59e4aee70e90150f9a3.txt,32,2048,1072
train,data/preprocessed_detection/train/images/train_364_png.rf.fe7540d20fe15b62235b2b21426ac449.jpg,data/preprocessed_detection/train/labels/train_364_png.rf.fe7540d20fe15b62235b2b21426ac449.txt,32,2048,1072
train,data/preprocessed_detection/train/images/train_365_png.rf.021da1422448cfe86a167a0d0e0a22e5.jpg,data/preprocessed_detection/train/labels/train_365_png.rf.021da1422448cfe86a167a0d0e0a22e5.txt,29,2048,935
train,data/preprocessed_detection/train/images/train_365_png.rf.21beeb97b13686804cae4e84421a7bee.jpg,data/preprocessed_detection/train/labels/train_365_png.rf.21beeb97b13686804cae4e84421a7bee.txt,29,2048,935
train,data/preprocessed_detection/train/images/train_365_png.rf.87c07f79161caf809578f650325def15.jpg,data/preprocessed_detection/train/labels/train_365_png.rf.87c07f79161caf809578f650325def15.txt,29,2048,935
train,data/preprocessed_detection/train/images/train_366_png.rf.b4b6e39b602a7e49656619616ae41b32.jpg,data/preprocessed_detection/train/labels/train_366_png.rf.b4b6e39b602a7e49656619616ae41b32.txt,32,2048,962
train,data/preprocessed_detection/train/images/train_366_png.rf.daba028150208fe4d1b90017b61a0f87.jpg,data/preprocessed_detection/train/labels/train_366_png.rf.daba028150208fe4d1b90017b61a0f87.txt,32,2048,962
train,data/preprocessed_detection/train/images/train_366_png.rf.ecf6f929bda68b4bb833f3c68d74c92e.jpg,data/preprocessed_detection/train/labels/train_366_png.rf.ecf6f929bda68b4bb833f3c68d74c92e.txt,32,2048,962
train,data/preprocessed_detection/train/images/train_367_png.rf.40d056d0cf71739ec86432ae00af406f.jpg,data/preprocessed_detection/train/labels/train_367_png.rf.40d056d0cf71739ec86432ae00af406f.txt,32,1976,976
train,data/preprocessed_detection/train/images/train_367_png.rf.4a906aa059fa7ddee98fd193778c31a7.jpg,data/preprocessed_detection/train/labels/train_367_png.rf.4a906aa059fa7ddee98fd193778c31a7.txt,32,1976,976
train,data/preprocessed_detection/train/images/train_367_png.rf.b43da67ee1a539ec0103fdfc74bef87b.jpg,data/preprocessed_detection/train/labels/train_367_png.rf.b43da67ee1a539ec0103fdfc74bef87b.txt,32,1976,976
train,data/preprocessed_detection/train/images/train_368_png.rf.341465477166778a8b257c0bbad784b1.jpg,data/preprocessed_detection/train/labels/train_368_png.rf.341465477166778a8b257c0bbad784b1.txt,27,1976,976
train,data/preprocessed_detection/train/images/train_368_png.rf.ae43d6a98a2645b8db1fb819d026f6e0.jpg,data/preprocessed_detection/train/labels/train_368_png.rf.ae43d6a98a2645b8db1fb819d026f6e0.txt,27,1976,976
train,data/preprocessed_detection/train/images/train_368_png.rf.d145278e998f15139ca25133b3bed58f.jpg,data/preprocessed_detection/train/labels/train_368_png.rf.d145278e998f15139ca25133b3bed58f.txt,27,1976,976
train,data/preprocessed_detection/train/images/train_36_png.rf.a946c80ef43d2a4486c8ae7354c17390.jpg,data/preprocessed_detection/train/labels/train_36_png.rf.a946c80ef43d2a4486c8ae7354c17390.txt,32,1976,976
train,data/preprocessed_detection/train/images/train_36_png.rf.de6adecb75fa9bbf2e19c0044360c68c.jpg,data/preprocessed_detection/train/labels/train_36_png.rf.de6adecb75fa9bbf2e19c0044360c68c.txt,32,1976,976
train,data/preprocessed_detection/train/images/train_36_png.rf.fd3e19bb05982dc44378896079c4a6ce.jpg,data/preprocessed_detection/train/labels/train_36_png.rf.fd3e19bb05982dc44378896079c4a6ce.txt,32,1976,976
train,data/preprocessed_detection/train/images/train_370_png.rf.751fdecada4f673a5502112c06d4c196.jpg,data/preprocessed_detection/train/labels/train_370_png.rf.751fdecada4f673a5502112c06d4c196.txt,32,2048,1072
train,data/preprocessed_detection/train/images/train_370_png.rf.76bf3b24b7f4b4bac454ef2ca20cddab.jpg,data/preprocessed_detection/train/labels/train_370_png.rf.76bf3b24b7f4b4bac454ef2ca20cddab.txt,32,2048,1072
train,data/preprocessed_detection/train/images/train_370_png.rf.d63670cf4bda43384606b142b31072dd.jpg,data/preprocessed_detection/train/labels/train_370_png.rf.d63670cf4bda43384606b142b31072dd.txt,32,2048,1072
train,data/preprocessed_detection/train/images/train_371_png.rf.084f6681baf23a08d9e515a76ca1554e.jpg,data/preprocessed_detection/train/labels/train_371_png.rf.084f6681baf23a08d9e515a76ca1554e.txt,25,2048,914
train,data/preprocessed_detection/train/images/train_371_png.rf.9cb6e2cf357b49e34a087192a76092b0.jpg,data/preprocessed_detection/train/labels/train_371_png.rf.9cb6e2cf357b49e34a087192a76092b0.txt,25,2048,914
train,data/preprocessed_detection/train/images/train_371_png.rf.be8e0aa723d9126cf7ea23596a13f9c2.jpg,data/preprocessed_detection/train/labels/train_371_png.rf.be8e0aa723d9126cf7ea23596a13f9c2.txt,25,2048,914
train,data/preprocessed_detection/train/images/train_372_png.rf.5f45a916448d13109bf712c8b2149119.jpg,data/preprocessed_detection/train/labels/train_372_png.rf.5f45a916448d13109bf712c8b2149119.txt,19,2048,1073
train,data/preprocessed_detection/train/images/train_372_png.rf.712803aae6fb8d1d8566ef3daba32d6d.jpg,data/preprocessed_detection/train/labels/train_372_png.rf.712803aae6fb8d1d8566ef3daba32d6d.txt,19,2048,1073
train,data/preprocessed_detection/train/images/train_372_png.rf.d5e13889cfe85a68dd3cc4dab4921236.jpg,data/preprocessed_detection/train/labels/train_372_png.rf.d5e13889cfe85a68dd3cc4dab4921236.txt,19,2048,1073
train,data/preprocessed_detection/train/images/train_373_png.rf.22416796469a833a13865ebefde19b41.jpg,data/preprocessed_detection/train/labels/train_373_png.rf.22416796469a833a13865ebefde19b41.txt,24,2047,945
train,data/preprocessed_detection/train/images/train_373_png.rf.756be23f0489d26e72818b504cd407b6.jpg,data/preprocessed_detection/train/labels/train_373_png.rf.756be23f0489d26e72818b504cd407b6.txt,24,2047,945
train,data/preprocessed_detection/train/images/train_373_png.rf.f1a3f44acccd1240f62c1312fbbae7ec.jpg,data/preprocessed_detection/train/labels/train_373_png.rf.f1a3f44acccd1240f62c1312fbbae7ec.txt,24,2047,945
train,data/preprocessed_detection/train/images/train_377_png.rf.9c9bb04aa16e5e0c3f15ae9fd800b8d3.jpg,data/preprocessed_detection/train/labels/train_377_png.rf.9c9bb04aa16e5e0c3f15ae9fd800b8d3.txt,31,2048,937
train,data/preprocessed_detection/train/images/train_377_png.rf.b75b039607938886574a07f7f1f2e348.jpg,data/preprocessed_detection/train/labels/train_377_png.rf.b75b039607938886574a07f7f1f2e348.txt,31,2048,937
train,data/preprocessed_detection/train/images/train_377_png.rf.dc155d2f1e360585af85cf1f2178e1f9.jpg,data/preprocessed_detection/train/labels/train_377_png.rf.dc155d2f1e360585af85cf1f2178e1f9.txt,31,2048,937
train,data/preprocessed_detection/train/images/train_378_png.rf.0b0b64c6c015bf344532bc406ddbd92f.jpg,data/preprocessed_detection/train/labels/train_378_png.rf.0b0b64c6c015bf344532bc406ddbd92f.txt,29,2048,957
train,data/preprocessed_detection/train/images/train_378_png.rf.4a5e6b14392410587f427cbeb087853b.jpg,data/preprocessed_detection/train/labels/train_378_png.rf.4a5e6b14392410587f427cbeb087853b.txt,29,2048,957
train,data/preprocessed_detection/train/images/train_378_png.rf.c7bb474b7ea1d1b4b871686eba63c101.jpg,data/preprocessed_detection/train/labels/train_378_png.rf.c7bb474b7ea1d1b4b871686eba63c101.txt,29,2048,957
train,data/preprocessed_detection/train/images/train_382_png.rf.0b46c35b2a2c5b8d9e50e5f7859d630f.jpg,data/preprocessed_detection/train/labels/train_382_png.rf.0b46c35b2a2c5b8d9e50e5f7859d630f.txt,25,2048,914
train,data/preprocessed_detection/train/images/train_382_png.rf.83e806e37e4b0bcf9a94c90df0d6b16d.jpg,data/preprocessed_detection/train/labels/train_382_png.rf.83e806e37e4b0bcf9a94c90df0d6b16d.txt,25,2048,914
train,data/preprocessed_detection/train/images/train_382_png.rf.d00dfa6d5866018018876c2226751696.jpg,data/preprocessed_detection/train/labels/train_382_png.rf.d00dfa6d5866018018876c2226751696.txt,25,2048,914
train,data/preprocessed_detection/train/images/train_383_png.rf.431515ad5096833eaad9185f8c54c8ec.jpg,data/preprocessed_detection/train/labels/train_383_png.rf.431515ad5096833eaad9185f8c54c8ec.txt,26,2048,960
train,data/preprocessed_detection/train/images/train_383_png.rf.7810871c08c65c4ca2beb0a7350d4792.jpg,data/preprocessed_detection/train/labels/train_383_png.rf.7810871c08c65c4ca2beb0a7350d4792.txt,26,2048,960
train,data/preprocessed_detection/train/images/train_383_png.rf.9afed4ac3b387f1225f3b13ab6861ee4.jpg,data/preprocessed_detection/train/labels/train_383_png.rf.9afed4ac3b387f1225f3b13ab6861ee4.txt,26,2048,960
train,data/preprocessed_detection/train/images/train_386_png.rf.3a0023522a621f8cfe407bf471a7cdf8.jpg,data/preprocessed_detection/train/labels/train_386_png.rf.3a0023522a621f8cfe407bf471a7cdf8.txt,24,2048,953
train,data/preprocessed_detection/train/images/train_386_png.rf.57086439bf2083dfa16fc25bd1f71629.jpg,data/preprocessed_detection/train/labels/train_386_png.rf.57086439bf2083dfa16fc25bd1f71629.txt,24,2048,953
train,data/preprocessed_detection/train/images/train_386_png.rf.7e9bd9b0ae6d4a1d7d9c77aeb33ec743.jpg,data/preprocessed_detection/train/labels/train_386_png.rf.7e9bd9b0ae6d4a1d7d9c77aeb33ec743.txt,24,2048,953
train,data/preprocessed_detection/train/images/train_388_png.rf.2fdc352ddde4abff1e147b18a820b3e2.jpg,data/preprocessed_detection/train/labels/train_388_png.rf.2fdc352ddde4abff1e147b18a820b3e2.txt,29,2048,993
train,data/preprocessed_detection/train/images/train_388_png.rf.db579043289584406a2a7a38edde3c67.jpg,data/preprocessed_detection/train/labels/train_388_png.rf.db579043289584406a2a7a38edde3c67.txt,29,2048,993
train,data/preprocessed_detection/train/images/train_388_png.rf.ef10b8a4ee948db740d82b341b51b039.jpg,data/preprocessed_detection/train/labels/train_388_png.rf.ef10b8a4ee948db740d82b341b51b039.txt,29,2048,993
train,data/preprocessed_detection/train/images/train_38_png.rf.2cf7f51904c18181effd4333978559aa.jpg,data/preprocessed_detection/train/labels/train_38_png.rf.2cf7f51904c18181effd4333978559aa.txt,32,2048,949
train,data/preprocessed_detection/train/images/train_38_png.rf.8e82c91260b8f176fe52ef3ab3b3756e.jpg,data/preprocessed_detection/train/labels/train_38_png.rf.8e82c91260b8f176fe52ef3ab3b3756e.txt,32,2048,949
train,data/preprocessed_detection/train/images/train_38_png.rf.cdf101a853386c7598700c0773e78c22.jpg,data/preprocessed_detection/train/labels/train_38_png.rf.cdf101a853386c7598700c0773e78c22.txt,32,2048,949
train,data/preprocessed_detection/train/images/train_390_png.rf.2992c05da772caede7c17cc0eb28a523.jpg,data/preprocessed_detection/train/labels/train_390_png.rf.2992c05da772caede7c17cc0eb28a523.txt,32,2048,961
train,data/preprocessed_detection/train/images/train_390_png.rf.91283dd5c896b10acc8bb00b5a33c70c.jpg,data/preprocessed_detection/train/labels/train_390_png.rf.91283dd5c896b10acc8bb00b5a33c70c.txt,32,2048,961
train,data/preprocessed_detection/train/images/train_390_png.rf.b1332c48b7a422b6ee838630dfed8bc9.jpg,data/preprocessed_detection/train/labels/train_390_png.rf.b1332c48b7a422b6ee838630dfed8bc9.txt,32,2048,961
train,data/preprocessed_detection/train/images/train_392_png.rf.96efc7230b4b00b032d1fa6ecf35ae14.jpg,data/preprocessed_detection/train/labels/train_392_png.rf.96efc7230b4b00b032d1fa6ecf35ae14.txt,32,2048,961
train,data/preprocessed_detection/train/images/train_392_png.rf.bf5088b0cf05aaa62ad0d1cf8694cd4c.jpg,data/preprocessed_detection/train/labels/train_392_png.rf.bf5088b0cf05aaa62ad0d1cf8694cd4c.txt,32,2048,961
train,data/preprocessed_detection/train/images/train_392_png.rf.d2ed55cf5b40228332c47a646051381d.jpg,data/preprocessed_detection/train/labels/train_392_png.rf.d2ed55cf5b40228332c47a646051381d.txt,32,2048,961
train,data/preprocessed_detection/train/images/train_393_png.rf.41a70a866466f7bce9c0505554c95d62.jpg,data/preprocessed_detection/train/labels/train_393_png.rf.41a70a866466f7bce9c0505554c95d62.txt,31,1976,976
train,data/preprocessed_detection/train/images/train_393_png.rf.4cb7ad76d1512e81065bd732b8cacd4a.jpg,data/preprocessed_detection/train/labels/train_393_png.rf.4cb7ad76d1512e81065bd732b8cacd4a.txt,31,1976,976
train,data/preprocessed_detection/train/images/train_393_png.rf.f082cc6bbbd5e52d4df0579c95baca49.jpg,data/preprocessed_detection/train/labels/train_393_png.rf.f082cc6bbbd5e52d4df0579c95baca49.txt,31,1976,976
train,data/preprocessed_detection/train/images/train_395_png.rf.1e1b62744a7fed81fda3a38b7c676179.jpg,data/preprocessed_detection/train/labels/train_395_png.rf.1e1b62744a7fed81fda3a38b7c676179.txt,25,2048,935
train,data/preprocessed_detection/train/images/train_395_png.rf.83c7a953cdb6b4ab7f3fa39043661389.jpg,data/preprocessed_detection/train/labels/train_395_png.rf.83c7a953cdb6b4ab7f3fa39043661389.txt,25,2048,935
train,data/preprocessed_detection/train/images/train_395_png.rf.86a2ba711fa43040c864fcd5a6470534.jpg,data/preprocessed_detection/train/labels/train_395_png.rf.86a2ba711fa43040c864fcd5a6470534.txt,25,2048,935
train,data/preprocessed_detection/train/images/train_397_png.rf.5d111ef92ee94c8af073d34e3bde213f.jpg,data/preprocessed_detection/train/labels/train_397_png.rf.5d111ef92ee94c8af073d34e3bde213f.txt,25,2048,947
train,data/preprocessed_detection/train/images/train_397_png.rf.8f4fb3ef13dd39b330cd5e2a596b3870.jpg,data/preprocessed_detection/train/labels/train_397_png.rf.8f4fb3ef13dd39b330cd5e2a596b3870.txt,25,2048,947
train,data/preprocessed_detection/train/images/train_397_png.rf.a4398406f4dde3a2f446b4f460c11e32.jpg,data/preprocessed_detection/train/labels/train_397_png.rf.a4398406f4dde3a2f446b4f460c11e32.txt,25,2048,947
train,data/preprocessed_detection/train/images/train_399_png.rf.10f9c33f9e83597f837d491824eb4f3e.jpg,data/preprocessed_detection/train/labels/train_399_png.rf.10f9c33f9e83597f837d491824eb4f3e.txt,30,2048,908
train,data/preprocessed_detection/train/images/train_399_png.rf.c9410dab37fffee76f5b9538b3d91455.jpg,data/preprocessed_detection/train/labels/train_399_png.rf.c9410dab37fffee76f5b9538b3d91455.txt,30,2048,908
train,data/preprocessed_detection/train/images/train_399_png.rf.e6719bf3dce986727c5399dce97c8377.jpg,data/preprocessed_detection/train/labels/train_399_png.rf.e6719bf3dce986727c5399dce97c8377.txt,30,2048,908
train,data/preprocessed_detection/train/images/train_39_png.rf.517b263f89b61171fe7c25654dce60bd.jpg,data/preprocessed_detection/train/labels/train_39_png.rf.517b263f89b61171fe7c25654dce60bd.txt,32,2048,914
train,data/preprocessed_detection/train/images/train_39_png.rf.58c9b99c58a11a05796fc010f0400c8d.jpg,data/preprocessed_detection/train/labels/train_39_png.rf.58c9b99c58a11a05796fc010f0400c8d.txt,32,2048,914
train,data/preprocessed_detection/train/images/train_39_png.rf.615e863ca2fdbd5b0fd4b3455b2c279f.jpg,data/preprocessed_detection/train/labels/train_39_png.rf.615e863ca2fdbd5b0fd4b3455b2c279f.txt,32,2048,914
train,data/preprocessed_detection/train/images/train_3_png.rf.0626d0fbd422a0b493e968027ed76db7.jpg,data/preprocessed_detection/train/labels/train_3_png.rf.0626d0fbd422a0b493e968027ed76db7.txt,30,2048,913
train,data/preprocessed_detection/train/images/train_3_png.rf.5c493cab52275c0d272ce2fdead703ee.jpg,data/preprocessed_detection/train/labels/train_3_png.rf.5c493cab52275c0d272ce2fdead703ee.txt,30,2048,913
train,data/preprocessed_detection/train/images/train_3_png.rf.6860cb3428f2eaabd494d6c05544b936.jpg,data/preprocessed_detection/train/labels/train_3_png.rf.6860cb3428f2eaabd494d6c05544b936.txt,30,2048,913
train,data/preprocessed_detection/train/images/train_400_png.rf.531ac623f2cb059dc1865d6e6204d15c.jpg,data/preprocessed_detection/train/labels/train_400_png.rf.531ac623f2cb059dc1865d6e6204d15c.txt,27,2048,912
train,data/preprocessed_detection/train/images/train_400_png.rf.7d2aedebaef22312a4b7d5744f48f862.jpg,data/preprocessed_detection/train/labels/train_400_png.rf.7d2aedebaef22312a4b7d5744f48f862.txt,27,2048,912
train,data/preprocessed_detection/train/images/train_400_png.rf.b0f286882c937f6751af73457cb1ace2.jpg,data/preprocessed_detection/train/labels/train_400_png.rf.b0f286882c937f6751af73457cb1ace2.txt,27,2048,912
train,data/preprocessed_detection/train/images/train_405_png.rf.1117dd5ed4235389ed202a840041fed1.jpg,data/preprocessed_detection/train/labels/train_405_png.rf.1117dd5ed4235389ed202a840041fed1.txt,29,1976,976
train,data/preprocessed_detection/train/images/train_405_png.rf.7f995a47f726c031d585e6f38a9b1ad2.jpg,data/preprocessed_detection/train/labels/train_405_png.rf.7f995a47f726c031d585e6f38a9b1ad2.txt,29,1976,976
train,data/preprocessed_detection/train/images/train_405_png.rf.d70217236aad60356919e6e4e9c82a29.jpg,data/preprocessed_detection/train/labels/train_405_png.rf.d70217236aad60356919e6e4e9c82a29.txt,29,1976,976
train,data/preprocessed_detection/train/images/train_406_png.rf.586367bde6f979c7e5ee0196c1b44d0f.jpg,data/preprocessed_detection/train/labels/train_406_png.rf.586367bde6f979c7e5ee0196c1b44d0f.txt,31,2048,944
train,data/preprocessed_detection/train/images/train_406_png.rf.5bfc7b202397575fb7b44e30014d9820.jpg,data/preprocessed_detection/train/labels/train_406_png.rf.5bfc7b202397575fb7b44e30014d9820.txt,31,2048,944
train,data/preprocessed_detection/train/images/train_406_png.rf.8ceb953f59afcb61f3cbdac3a3efe422.jpg,data/preprocessed_detection/train/labels/train_406_png.rf.8ceb953f59afcb61f3cbdac3a3efe422.txt,31,2048,944
train,data/preprocessed_detection/train/images/train_408_png.rf.6aa848ebcdf994374b3c85dafb11212c.jpg,data/preprocessed_detection/train/labels/train_408_png.rf.6aa848ebcdf994374b3c85dafb11212c.txt,32,2048,948
train,data/preprocessed_detection/train/images/train_408_png.rf.8ccc3c900ab46feba0347d0d308f2896.jpg,data/preprocessed_detection/train/labels/train_408_png.rf.8ccc3c900ab46feba0347d0d308f2896.txt,32,2048,948
train,data/preprocessed_detection/train/images/train_408_png.rf.bfc73b5e0191b67713fb516f3edbffac.jpg,data/preprocessed_detection/train/labels/train_408_png.rf.bfc73b5e0191b67713fb516f3edbffac.txt,32,2048,948
train,data/preprocessed_detection/train/images/train_409_png.rf.51c92e4363e3e3d2a10e43877be132de.jpg,data/preprocessed_detection/train/labels/train_409_png.rf.51c92e4363e3e3d2a10e43877be132de.txt,29,2048,907
train,data/preprocessed_detection/train/images/train_409_png.rf.d8fdc92d69faf8c4a073a5bf48f67217.jpg,data/preprocessed_detection/train/labels/train_409_png.rf.d8fdc92d69faf8c4a073a5bf48f67217.txt,29,2048,907
train,data/preprocessed_detection/train/images/train_409_png.rf.feba90838a7941790fc91ccdda3023b4.jpg,data/preprocessed_detection/train/labels/train_409_png.rf.feba90838a7941790fc91ccdda3023b4.txt,29,2048,907
train,data/preprocessed_detection/train/images/train_40_png.rf.2d390b82b0af2b74ab36e7bbabe5fe12.jpg,data/preprocessed_detection/train/labels/train_40_png.rf.2d390b82b0af2b74ab36e7bbabe5fe12.txt,28,2048,947
train,data/preprocessed_detection/train/images/train_40_png.rf.57e3253368c8b8015159bbeab45a174e.jpg,data/preprocessed_detection/train/labels/train_40_png.rf.57e3253368c8b8015159bbeab45a174e.txt,28,2048,947
train,data/preprocessed_detection/train/images/train_40_png.rf.a8f9075a108286a23e388f5d8e728486.jpg,data/preprocessed_detection/train/labels/train_40_png.rf.a8f9075a108286a23e388f5d8e728486.txt,28,2048,947
train,data/preprocessed_detection/train/images/train_410_png.rf.0625d571c126dd6dfb2432baea1f02a1.jpg,data/preprocessed_detection/train/labels/train_410_png.rf.0625d571c126dd6dfb2432baea1f02a1.txt,29,2048,920
train,data/preprocessed_detection/train/images/train_410_png.rf.4e6deab03ce332aee80d618371f121b8.jpg,data/preprocessed_detection/train/labels/train_410_png.rf.4e6deab03ce332aee80d618371f121b8.txt,29,2048,920
train,data/preprocessed_detection/train/images/train_410_png.rf.58335522a05734160a4aaba079ae47dc.jpg,data/preprocessed_detection/train/labels/train_410_png.rf.58335522a05734160a4aaba079ae47dc.txt,29,2048,920
train,data/preprocessed_detection/train/images/train_411_png.rf.1207975761e59c86e1594b18bc1fc3a3.jpg,data/preprocessed_detection/train/labels/train_411_png.rf.1207975761e59c86e1594b18bc1fc3a3.txt,31,2048,968
train,data/preprocessed_detection/train/images/train_411_png.rf.30a8e330c7d919e2e48f5a8757f8713d.jpg,data/preprocessed_detection/train/labels/train_411_png.rf.30a8e330c7d919e2e48f5a8757f8713d.txt,31,2048,968
train,data/preprocessed_detection/train/images/train_411_png.rf.bc5b6f2b4bdabaf4434f2773ce0b9851.jpg,data/preprocessed_detection/train/labels/train_411_png.rf.bc5b6f2b4bdabaf4434f2773ce0b9851.txt,31,2048,968
train,data/preprocessed_detection/train/images/train_413_png.rf.394d0b436afa23d28131aee5b6c33b66.jpg,data/preprocessed_detection/train/labels/train_413_png.rf.394d0b436afa23d28131aee5b6c33b66.txt,23,2048,917
train,data/preprocessed_detection/train/images/train_413_png.rf.8dba908747071464b3060fb340279e0b.jpg,data/preprocessed_detection/train/labels/train_413_png.rf.8dba908747071464b3060fb340279e0b.txt,23,2048,917
train,data/preprocessed_detection/train/images/train_413_png.rf.ee5d28cfd31f067a3cc5dc999cd0ea83.jpg,data/preprocessed_detection/train/labels/train_413_png.rf.ee5d28cfd31f067a3cc5dc999cd0ea83.txt,23,2048,917
train,data/preprocessed_detection/train/images/train_414_png.rf.4a43096244d9bb39a04fb9bc36d6fdf7.jpg,data/preprocessed_detection/train/labels/train_414_png.rf.4a43096244d9bb39a04fb9bc36d6fdf7.txt,29,2047,965
train,data/preprocessed_detection/train/images/train_414_png.rf.9efadb4127be6d256d8138a7cf25a86b.jpg,data/preprocessed_detection/train/labels/train_414_png.rf.9efadb4127be6d256d8138a7cf25a86b.txt,29,2047,965
train,data/preprocessed_detection/train/images/train_414_png.rf.cf2e67aeb3889033f4152b4ee32c425d.jpg,data/preprocessed_detection/train/labels/train_414_png.rf.cf2e67aeb3889033f4152b4ee32c425d.txt,29,2047,965
train,data/preprocessed_detection/train/images/train_416_png.rf.520e91cd116ba463b90c8809b1740ca9.jpg,data/preprocessed_detection/train/labels/train_416_png.rf.520e91cd116ba463b90c8809b1740ca9.txt,26,2047,962
train,data/preprocessed_detection/train/images/train_416_png.rf.a7a75e46088f1af4f3fb32037bd10573.jpg,data/preprocessed_detection/train/labels/train_416_png.rf.a7a75e46088f1af4f3fb32037bd10573.txt,26,2047,962
train,data/preprocessed_detection/train/images/train_416_png.rf.bfab87961ef0e62ca7b0cc60f2695dee.jpg,data/preprocessed_detection/train/labels/train_416_png.rf.bfab87961ef0e62ca7b0cc60f2695dee.txt,26,2047,962
train,data/preprocessed_detection/train/images/train_419_png.rf.0a9ffbbb0c5593a2d395c58bb4fe5844.jpg,data/preprocessed_detection/train/labels/train_419_png.rf.0a9ffbbb0c5593a2d395c58bb4fe5844.txt,25,2048,981
train,data/preprocessed_detection/train/images/train_419_png.rf.be3c983455f45aa66d67cd7e4297a76e.jpg,data/preprocessed_detection/train/labels/train_419_png.rf.be3c983455f45aa66d67cd7e4297a76e.txt,25,2048,981
train,data/preprocessed_detection/train/images/train_419_png.rf.cf74e68bb8dc613043aaacb65a8ad65a.jpg,data/preprocessed_detection/train/labels/train_419_png.rf.cf74e68bb8dc613043aaacb65a8ad65a.txt,25,2048,981
train,data/preprocessed_detection/train/images/train_420_png.rf.5034ca5264cc5398c94508b6bff65b97.jpg,data/preprocessed_detection/train/labels/train_420_png.rf.5034ca5264cc5398c94508b6bff65b97.txt,23,2048,1073
train,data/preprocessed_detection/train/images/train_420_png.rf.5fc0840b1a4567ff459b2c387641f986.jpg,data/preprocessed_detection/train/labels/train_420_png.rf.5fc0840b1a4567ff459b2c387641f986.txt,23,2048,1073
train,data/preprocessed_detection/train/images/train_420_png.rf.ed7730d2f816ec316eb90c4ed801ac02.jpg,data/preprocessed_detection/train/labels/train_420_png.rf.ed7730d2f816ec316eb90c4ed801ac02.txt,23,2048,1073
train,data/preprocessed_detection/train/images/train_422_png.rf.c4b35cd4567c45c95280b628c4306071.jpg,data/preprocessed_detection/train/labels/train_422_png.rf.c4b35cd4567c45c95280b628c4306071.txt,32,2048,930
train,data/preprocessed_detection/train/images/train_422_png.rf.e1e214f663b5886c77f28601f59dad8a.jpg,data/preprocessed_detection/train/labels/train_422_png.rf.e1e214f663b5886c77f28601f59dad8a.txt,32,2048,930
train,data/preprocessed_detection/train/images/train_422_png.rf.e618d4b25a59fc29b20a659d776b3284.jpg,data/preprocessed_detection/train/labels/train_422_png.rf.e618d4b25a59fc29b20a659d776b3284.txt,32,2048,930
train,data/preprocessed_detection/train/images/train_424_png.rf.1fd1c8e2b9843b89f54aea3704c7d7f5.jpg,data/preprocessed_detection/train/labels/train_424_png.rf.1fd1c8e2b9843b89f54aea3704c7d7f5.txt,30,2048,938
train,data/preprocessed_detection/train/images/train_424_png.rf.a86953ed6a9611c2fb8e58f8f4ee4de7.jpg,data/preprocessed_detection/train/labels/train_424_png.rf.a86953ed6a9611c2fb8e58f8f4ee4de7.txt,30,2048,938
train,data/preprocessed_detection/train/images/train_424_png.rf.afb21ce50e57ef93f99889afef51dc22.jpg,data/preprocessed_detection/train/labels/train_424_png.rf.afb21ce50e57ef93f99889afef51dc22.txt,30,2048,938
train,data/preprocessed_detection/train/images/train_425_png.rf.095ca972324f9ca07bd444ac3d95ebe3.jpg,data/preprocessed_detection/train/labels/train_425_png.rf.095ca972324f9ca07bd444ac3d95ebe3.txt,19,2048,950
train,data/preprocessed_detection/train/images/train_425_png.rf.4dee42c089dc525b6d4c8d698cb8775b.jpg,data/preprocessed_detection/train/labels/train_425_png.rf.4dee42c089dc525b6d4c8d698cb8775b.txt,19,2048,950
train,data/preprocessed_detection/train/images/train_425_png.rf.dc4a83207e880d1345e3f10312f1055b.jpg,data/preprocessed_detection/train/labels/train_425_png.rf.dc4a83207e880d1345e3f10312f1055b.txt,19,2048,950
train,data/preprocessed_detection/train/images/train_427_png.rf.7495df28e5c96d38e3c2bbe8b964ede6.jpg,data/preprocessed_detection/train/labels/train_427_png.rf.7495df28e5c96d38e3c2bbe8b964ede6.txt,32,2048,1073
train,data/preprocessed_detection/train/images/train_427_png.rf.b4d8087c64a72448f150186e7d313fa6.jpg,data/preprocessed_detection/train/labels/train_427_png.rf.b4d8087c64a72448f150186e7d313fa6.txt,32,2048,1073
train,data/preprocessed_detection/train/images/train_427_png.rf.c2194028aee0a656d2a085ed526c66eb.jpg,data/preprocessed_detection/train/labels/train_427_png.rf.c2194028aee0a656d2a085ed526c66eb.txt,32,2048,1073
train,data/preprocessed_detection/train/images/train_428_png.rf.5c3340d3f0dfb483c55f9d2643b09e1e.jpg,data/preprocessed_detection/train/labels/train_428_png.rf.5c3340d3f0dfb483c55f9d2643b09e1e.txt,28,2048,908
train,data/preprocessed_detection/train/images/train_428_png.rf.a10059cbea52e7ec05ac542fd4d9baa3.jpg,data/preprocessed_detection/train/labels/train_428_png.rf.a10059cbea52e7ec05ac542fd4d9baa3.txt,28,2048,908
train,data/preprocessed_detection/train/images/train_428_png.rf.fbc5eff903da68b5823ba985778ed3e9.jpg,data/preprocessed_detection/train/labels/train_428_png.rf.fbc5eff903da68b5823ba985778ed3e9.txt,28,2048,908
train,data/preprocessed_detection/train/images/train_429_png.rf.7a7f3a0169564930eba7c55230707cc7.jpg,data/preprocessed_detection/train/labels/train_429_png.rf.7a7f3a0169564930eba7c55230707cc7.txt,31,2048,928
train,data/preprocessed_detection/train/images/train_429_png.rf.a9fdac2ec4f5fddafcde7191672a0931.jpg,data/preprocessed_detection/train/labels/train_429_png.rf.a9fdac2ec4f5fddafcde7191672a0931.txt,31,2048,928
train,data/preprocessed_detection/train/images/train_429_png.rf.db63f245cc15761bcce44cf673b783aa.jpg,data/preprocessed_detection/train/labels/train_429_png.rf.db63f245cc15761bcce44cf673b783aa.txt,31,2048,928
train,data/preprocessed_detection/train/images/train_431_png.rf.0a4acd31bdc5b5563336034b2da70aca.jpg,data/preprocessed_detection/train/labels/train_431_png.rf.0a4acd31bdc5b5563336034b2da70aca.txt,32,2048,901
train,data/preprocessed_detection/train/images/train_431_png.rf.69e03e92161bdbb68fea48ef867566a8.jpg,data/preprocessed_detection/train/labels/train_431_png.rf.69e03e92161bdbb68fea48ef867566a8.txt,32,2048,901
train,data/preprocessed_detection/train/images/train_431_png.rf.e3bc985c72a9d0cff856b82e1b0f3293.jpg,data/preprocessed_detection/train/labels/train_431_png.rf.e3bc985c72a9d0cff856b82e1b0f3293.txt,32,2048,901
train,data/preprocessed_detection/train/images/train_435_png.rf.3c5fd6871e9795ca2d40f4c325f60b86.jpg,data/preprocessed_detection/train/labels/train_435_png.rf.3c5fd6871e9795ca2d40f4c325f60b86.txt,29,2048,966
train,data/preprocessed_detection/train/images/train_435_png.rf.832790a5719e8a697470ccb26407a051.jpg,data/preprocessed_detection/train/labels/train_435_png.rf.832790a5719e8a697470ccb26407a051.txt,29,2048,966
train,data/preprocessed_detection/train/images/train_435_png.rf.e7560689e5c2ed726d4bd8326896b98b.jpg,data/preprocessed_detection/train/labels/train_435_png.rf.e7560689e5c2ed726d4bd8326896b98b.txt,29,2048,966
train,data/preprocessed_detection/train/images/train_436_png.rf.1b306b1f02201a02dc4ca933b3aeb32c.jpg,data/preprocessed_detection/train/labels/train_436_png.rf.1b306b1f02201a02dc4ca933b3aeb32c.txt,21,2048,950
train,data/preprocessed_detection/train/images/train_436_png.rf.7ddde6c3d5ca042a47809dd7e3abd69f.jpg,data/preprocessed_detection/train/labels/train_436_png.rf.7ddde6c3d5ca042a47809dd7e3abd69f.txt,21,2048,950
train,data/preprocessed_detection/train/images/train_436_png.rf.8d7a89867c0dc6845a2df7a850958421.jpg,data/preprocessed_detection/train/labels/train_436_png.rf.8d7a89867c0dc6845a2df7a850958421.txt,21,2048,950
train,data/preprocessed_detection/train/images/train_437_png.rf.04cd4102c2b49b321824f7df72c6287c.jpg,data/preprocessed_detection/train/labels/train_437_png.rf.04cd4102c2b49b321824f7df72c6287c.txt,26,2047,980
train,data/preprocessed_detection/train/images/train_437_png.rf.7bd5e55d56479ec830367b136fae0153.jpg,data/preprocessed_detection/train/labels/train_437_png.rf.7bd5e55d56479ec830367b136fae0153.txt,26,2047,980
train,data/preprocessed_detection/train/images/train_437_png.rf.8020ba3b9ef8fab13aeafdedb50b8225.jpg,data/preprocessed_detection/train/labels/train_437_png.rf.8020ba3b9ef8fab13aeafdedb50b8225.txt,26,2047,980
train,data/preprocessed_detection/train/images/train_440_png.rf.5d8ee05a679e9c0c4238e30d61ddd42d.jpg,data/preprocessed_detection/train/labels/train_440_png.rf.5d8ee05a679e9c0c4238e30d61ddd42d.txt,30,2048,922
train,data/preprocessed_detection/train/images/train_440_png.rf.6fec35b2a51e875cb7166e8026c7400e.jpg,data/preprocessed_detection/train/labels/train_440_png.rf.6fec35b2a51e875cb7166e8026c7400e.txt,30,2048,922
train,data/preprocessed_detection/train/images/train_440_png.rf.df2c65d9a80efebd95abda4f62a32cc2.jpg,data/preprocessed_detection/train/labels/train_440_png.rf.df2c65d9a80efebd95abda4f62a32cc2.txt,30,2048,922
train,data/preprocessed_detection/train/images/train_441_png.rf.53acfda9fc4c2526b5c3e2b5c8f7cdba.jpg,data/preprocessed_detection/train/labels/train_441_png.rf.53acfda9fc4c2526b5c3e2b5c8f7cdba.txt,24,2048,942
train,data/preprocessed_detection/train/images/train_441_png.rf.6d8273040c16af705611a96271d2175d.jpg,data/preprocessed_detection/train/labels/train_441_png.rf.6d8273040c16af705611a96271d2175d.txt,24,2048,942
train,data/preprocessed_detection/train/images/train_441_png.rf.83e7b593aba13f49faac818657f3a952.jpg,data/preprocessed_detection/train/labels/train_441_png.rf.83e7b593aba13f49faac818657f3a952.txt,24,2048,942
train,data/preprocessed_detection/train/images/train_442_png.rf.20e9fad7bb960079d6ed81969d7137d9.jpg,data/preprocessed_detection/train/labels/train_442_png.rf.20e9fad7bb960079d6ed81969d7137d9.txt,30,2048,951
train,data/preprocessed_detection/train/images/train_442_png.rf.5c221d5bfd9e906e84271dbd3c7a08a7.jpg,data/preprocessed_detection/train/labels/train_442_png.rf.5c221d5bfd9e906e84271dbd3c7a08a7.txt,30,2048,951
train,data/preprocessed_detection/train/images/train_442_png.rf.7dcaf457aedfaad487a34e8a331c160a.jpg,data/preprocessed_detection/train/labels/train_442_png.rf.7dcaf457aedfaad487a34e8a331c160a.txt,30,2048,951
train,data/preprocessed_detection/train/images/train_446_png.rf.60b607fbdaed3b942f907b5c40883fa7.jpg,data/preprocessed_detection/train/labels/train_446_png.rf.60b607fbdaed3b942f907b5c40883fa7.txt,31,2048,1073
train,data/preprocessed_detection/train/images/train_446_png.rf.86c5a0b61276ac9d3cde33465307fd0a.jpg,data/preprocessed_detection/train/labels/train_446_png.rf.86c5a0b61276ac9d3cde33465307fd0a.txt,31,2048,1073
train,data/preprocessed_detection/train/images/train_446_png.rf.c7509c086d7d62b1507dd1607aec60d7.jpg,data/preprocessed_detection/train/labels/train_446_png.rf.c7509c086d7d62b1507dd1607aec60d7.txt,31,2048,1073
train,data/preprocessed_detection/train/images/train_447_png.rf.0f83cd1f51788971ea3365a6fe0ac059.jpg,data/preprocessed_detection/train/labels/train_447_png.rf.0f83cd1f51788971ea3365a6fe0ac059.txt,32,2048,948
train,data/preprocessed_detection/train/images/train_447_png.rf.40eec826f1b2e023b97987f2924e5446.jpg,data/preprocessed_detection/train/labels/train_447_png.rf.40eec826f1b2e023b97987f2924e5446.txt,32,2048,948
train,data/preprocessed_detection/train/images/train_447_png.rf.f103bed5d5e8d0356291e88fc9ca958c.jpg,data/preprocessed_detection/train/labels/train_447_png.rf.f103bed5d5e8d0356291e88fc9ca958c.txt,32,2048,948
train,data/preprocessed_detection/train/images/train_448_png.rf.71e434b32d1501ad412c86e89817aa2a.jpg,data/preprocessed_detection/train/labels/train_448_png.rf.71e434b32d1501ad412c86e89817aa2a.txt,28,2048,957
train,data/preprocessed_detection/train/images/train_448_png.rf.7712f4b498c8cc2c272eb2219bd0057e.jpg,data/preprocessed_detection/train/labels/train_448_png.rf.7712f4b498c8cc2c272eb2219bd0057e.txt,28,2048,957
train,data/preprocessed_detection/train/images/train_448_png.rf.d17a63a8495fe998650c7e6f04f318d7.jpg,data/preprocessed_detection/train/labels/train_448_png.rf.d17a63a8495fe998650c7e6f04f318d7.txt,28,2048,957
train,data/preprocessed_detection/train/images/train_44_png.rf.5ebcdefa5820714c0bc950fa7995341a.jpg,data/preprocessed_detection/train/labels/train_44_png.rf.5ebcdefa5820714c0bc950fa7995341a.txt,30,2048,951
train,data/preprocessed_detection/train/images/train_44_png.rf.992efbcf07c9537d99961eb161403822.jpg,data/preprocessed_detection/train/labels/train_44_png.rf.992efbcf07c9537d99961eb161403822.txt,30,2048,951
train,data/preprocessed_detection/train/images/train_44_png.rf.da810ac54d9601943925807f75b42c73.jpg,data/preprocessed_detection/train/labels/train_44_png.rf.da810ac54d9601943925807f75b42c73.txt,30,2048,951
train,data/preprocessed_detection/train/images/train_451_png.rf.b4336978abbf2440da36d3f1725e1b7f.jpg,data/preprocessed_detection/train/labels/train_451_png.rf.b4336978abbf2440da36d3f1725e1b7f.txt,30,2048,955
train,data/preprocessed_detection/train/images/train_451_png.rf.bd0e00f582464285e11bf22dfb8124be.jpg,data/preprocessed_detection/train/labels/train_451_png.rf.bd0e00f582464285e11bf22dfb8124be.txt,30,2048,955
train,data/preprocessed_detection/train/images/train_451_png.rf.cee164c5b813f04669d266fc48723202.jpg,data/preprocessed_detection/train/labels/train_451_png.rf.cee164c5b813f04669d266fc48723202.txt,30,2048,955
train,data/preprocessed_detection/train/images/train_453_png.rf.043e2bba40d8c3d31ff94625e9d03814.jpg,data/preprocessed_detection/train/labels/train_453_png.rf.043e2bba40d8c3d31ff94625e9d03814.txt,26,2048,963
train,data/preprocessed_detection/train/images/train_453_png.rf.97298474e724945332c2908886f46ea7.jpg,data/preprocessed_detection/train/labels/train_453_png.rf.97298474e724945332c2908886f46ea7.txt,26,2048,963
train,data/preprocessed_detection/train/images/train_453_png.rf.c715dd3e37ffa08301b7ee676a9118aa.jpg,data/preprocessed_detection/train/labels/train_453_png.rf.c715dd3e37ffa08301b7ee676a9118aa.txt,26,2048,963
train,data/preprocessed_detection/train/images/train_456_png.rf.0c5ae656b0c4cdfef211b54118924fe0.jpg,data/preprocessed_detection/train/labels/train_456_png.rf.0c5ae656b0c4cdfef211b54118924fe0.txt,28,2048,947
train,data/preprocessed_detection/train/images/train_456_png.rf.2a9689cf8821e4a0f75fbe11478a59f5.jpg,data/preprocessed_detection/train/labels/train_456_png.rf.2a9689cf8821e4a0f75fbe11478a59f5.txt,28,2048,947
train,data/preprocessed_detection/train/images/train_456_png.rf.abc598d1a4b9fed29c36ef2427462d43.jpg,data/preprocessed_detection/train/labels/train_456_png.rf.abc598d1a4b9fed29c36ef2427462d43.txt,28,2048,947
train,data/preprocessed_detection/train/images/train_459_png.rf.2b8e21dfbde349fb8620bb80b9d11eb2.jpg,data/preprocessed_detection/train/labels/train_459_png.rf.2b8e21dfbde349fb8620bb80b9d11eb2.txt,23,2048,950
train,data/preprocessed_detection/train/images/train_459_png.rf.8307db0790d053b01a54e883a0ad79e5.jpg,data/preprocessed_detection/train/labels/train_459_png.rf.8307db0790d053b01a54e883a0ad79e5.txt,23,2048,950
train,data/preprocessed_detection/train/images/train_459_png.rf.dc8dbf03cc3385480f50d4978a11a69c.jpg,data/preprocessed_detection/train/labels/train_459_png.rf.dc8dbf03cc3385480f50d4978a11a69c.txt,23,2048,950
train,data/preprocessed_detection/train/images/train_45_png.rf.1a8e46b76fe0855b8a411c4c79545602.jpg,data/preprocessed_detection/train/labels/train_45_png.rf.1a8e46b76fe0855b8a411c4c79545602.txt,27,1976,976
train,data/preprocessed_detection/train/images/train_45_png.rf.b6baac6b46a7fe4f76bc45114e0662cb.jpg,data/preprocessed_detection/train/labels/train_45_png.rf.b6baac6b46a7fe4f76bc45114e0662cb.txt,27,1976,976
train,data/preprocessed_detection/train/images/train_45_png.rf.fcb6c10030a6b277bf6c72036b50fb17.jpg,data/preprocessed_detection/train/labels/train_45_png.rf.fcb6c10030a6b277bf6c72036b50fb17.txt,27,1976,976
train,data/preprocessed_detection/train/images/train_461_png.rf.6a1077df2a10b96d639d9c89f8489f87.jpg,data/preprocessed_detection/train/labels/train_461_png.rf.6a1077df2a10b96d639d9c89f8489f87.txt,32,2048,941
train,data/preprocessed_detection/train/images/train_461_png.rf.e31f036c6c4640d2c890799b58454b21.jpg,data/preprocessed_detection/train/labels/train_461_png.rf.e31f036c6c4640d2c890799b58454b21.txt,32,2048,941
train,data/preprocessed_detection/train/images/train_461_png.rf.f06cf5e1fe4dead104eb0e6e0756f7ae.jpg,data/preprocessed_detection/train/labels/train_461_png.rf.f06cf5e1fe4dead104eb0e6e0756f7ae.txt,32,2048,941
train,data/preprocessed_detection/train/images/train_462_png.rf.134a9987feeeeb9992d852fe12e36c9f.jpg,data/preprocessed_detection/train/labels/train_462_png.rf.134a9987feeeeb9992d852fe12e36c9f.txt,23,2048,978
train,data/preprocessed_detection/train/images/train_462_png.rf.22d7e43320dddbe29454475ccee8bb21.jpg,data/preprocessed_detection/train/labels/train_462_png.rf.22d7e43320dddbe29454475ccee8bb21.txt,23,2048,978
train,data/preprocessed_detection/train/images/train_462_png.rf.6d3399223b8ca8f02a893f6fd99ecbcb.jpg,data/preprocessed_detection/train/labels/train_462_png.rf.6d3399223b8ca8f02a893f6fd99ecbcb.txt,23,2048,978
train,data/preprocessed_detection/train/images/train_464_png.rf.3eea3850eb6b92e2c59735795b6c70d3.jpg,data/preprocessed_detection/train/labels/train_464_png.rf.3eea3850eb6b92e2c59735795b6c70d3.txt,26,2048,954
train,data/preprocessed_detection/train/images/train_464_png.rf.7752cbd7a85b89e0b2a6f68e07f02a77.jpg,data/preprocessed_detection/train/labels/train_464_png.rf.7752cbd7a85b89e0b2a6f68e07f02a77.txt,26,2048,954
train,data/preprocessed_detection/train/images/train_464_png.rf.9d49be3f7525b899139eaa308adbd86b.jpg,data/preprocessed_detection/train/labels/train_464_png.rf.9d49be3f7525b899139eaa308adbd86b.txt,26,2048,954
train,data/preprocessed_detection/train/images/train_467_png.rf.1010a2943f99c37141a1fe5c380f9f3b.jpg,data/preprocessed_detection/train/labels/train_467_png.rf.1010a2943f99c37141a1fe5c380f9f3b.txt,31,2047,972
train,data/preprocessed_detection/train/images/train_467_png.rf.6b06092b4eca45ef52fae1b18224b285.jpg,data/preprocessed_detection/train/labels/train_467_png.rf.6b06092b4eca45ef52fae1b18224b285.txt,31,2047,972
train,data/preprocessed_detection/train/images/train_467_png.rf.e0052f355dd8aa59f6326eeb4f5a01fa.jpg,data/preprocessed_detection/train/labels/train_467_png.rf.e0052f355dd8aa59f6326eeb4f5a01fa.txt,31,2047,972
train,data/preprocessed_detection/train/images/train_46_png.rf.3d41137a67ec9342b816108fee69f705.jpg,data/preprocessed_detection/train/labels/train_46_png.rf.3d41137a67ec9342b816108fee69f705.txt,25,2048,912
train,data/preprocessed_detection/train/images/train_46_png.rf.7864c99ed0e142346f0330368ff36aa6.jpg,data/preprocessed_detection/train/labels/train_46_png.rf.7864c99ed0e142346f0330368ff36aa6.txt,25,2048,912
train,data/preprocessed_detection/train/images/train_46_png.rf.7efb8e63b98b7fa85a763549d2fdec68.jpg,data/preprocessed_detection/train/labels/train_46_png.rf.7efb8e63b98b7fa85a763549d2fdec68.txt,25,2048,912
train,data/preprocessed_detection/train/images/train_470_png.rf.ae08f1925460dd91ce9f7b71fee4f0ea.jpg,data/preprocessed_detection/train/labels/train_470_png.rf.ae08f1925460dd91ce9f7b71fee4f0ea.txt,31,2048,928
train,data/preprocessed_detection/train/images/train_470_png.rf.db3a37b87e0f336352166590d5801b4d.jpg,data/preprocessed_detection/train/labels/train_470_png.rf.db3a37b87e0f336352166590d5801b4d.txt,31,2048,928
train,data/preprocessed_detection/train/images/train_470_png.rf.ec08cd1c792b8959ceffb07eb1727feb.jpg,data/preprocessed_detection/train/labels/train_470_png.rf.ec08cd1c792b8959ceffb07eb1727feb.txt,31,2048,928
train,data/preprocessed_detection/train/images/train_471_png.rf.28bba4b14e631af5b4c36b1e00447ea4.jpg,data/preprocessed_detection/train/labels/train_471_png.rf.28bba4b14e631af5b4c36b1e00447ea4.txt,27,2048,940
train,data/preprocessed_detection/train/images/train_471_png.rf.29f27f8d5a12498360bf4b3a60458909.jpg,data/preprocessed_detection/train/labels/train_471_png.rf.29f27f8d5a12498360bf4b3a60458909.txt,27,2048,940
train,data/preprocessed_detection/train/images/train_471_png.rf.fd63fdcb7d7dee0ce4ff25863d5fb10c.jpg,data/preprocessed_detection/train/labels/train_471_png.rf.fd63fdcb7d7dee0ce4ff25863d5fb10c.txt,27,2048,940
train,data/preprocessed_detection/train/images/train_474_png.rf.5f27ce7d3c4e3f0ed845e51bba6764c2.jpg,data/preprocessed_detection/train/labels/train_474_png.rf.5f27ce7d3c4e3f0ed845e51bba6764c2.txt,29,2048,991
train,data/preprocessed_detection/train/images/train_474_png.rf.62daa7c8e6fca3fe7f4a1a9c898b97f4.jpg,data/preprocessed_detection/train/labels/train_474_png.rf.62daa7c8e6fca3fe7f4a1a9c898b97f4.txt,29,2048,991
train,data/preprocessed_detection/train/images/train_474_png.rf.9c4979b52c6fe9102aee38f5714ffdf5.jpg,data/preprocessed_detection/train/labels/train_474_png.rf.9c4979b52c6fe9102aee38f5714ffdf5.txt,29,2048,991
train,data/preprocessed_detection/train/images/train_476_png.rf.2364a85b0b7068f9635d7161143f2245.jpg,data/preprocessed_detection/train/labels/train_476_png.rf.2364a85b0b7068f9635d7161143f2245.txt,31,2048,947
train,data/preprocessed_detection/train/images/train_476_png.rf.421b0bb062346ef44f0ca5bebc74f372.jpg,data/preprocessed_detection/train/labels/train_476_png.rf.421b0bb062346ef44f0ca5bebc74f372.txt,31,2048,947
train,data/preprocessed_detection/train/images/train_476_png.rf.4b2c3d7c3eb83b2d71f4800aa9bd3480.jpg,data/preprocessed_detection/train/labels/train_476_png.rf.4b2c3d7c3eb83b2d71f4800aa9bd3480.txt,31,2048,947
train,data/preprocessed_detection/train/images/train_47_png.rf.3999b5649c4a5d154521e5137d0985e0.jpg,data/preprocessed_detection/train/labels/train_47_png.rf.3999b5649c4a5d154521e5137d0985e0.txt,27,2048,971
train,data/preprocessed_detection/train/images/train_47_png.rf.43db31a0113225aa3a0e30ffcc812853.jpg,data/preprocessed_detection/train/labels/train_47_png.rf.43db31a0113225aa3a0e30ffcc812853.txt,27,2048,971
train,data/preprocessed_detection/train/images/train_47_png.rf.f842427b83234c8d420b6362a9c2e867.jpg,data/preprocessed_detection/train/labels/train_47_png.rf.f842427b83234c8d420b6362a9c2e867.txt,27,2048,971
train,data/preprocessed_detection/train/images/train_480_png.rf.643a80f84ee6bc82038fd78b05e4ed9a.jpg,data/preprocessed_detection/train/labels/train_480_png.rf.643a80f84ee6bc82038fd78b05e4ed9a.txt,30,2048,930
train,data/preprocessed_detection/train/images/train_480_png.rf.f3030535f8cb4df187dd49b93eb0f269.jpg,data/preprocessed_detection/train/labels/train_480_png.rf.f3030535f8cb4df187dd49b93eb0f269.txt,30,2048,930
train,data/preprocessed_detection/train/images/train_480_png.rf.f570e40baae7bc75215db7ad534647a7.jpg,data/preprocessed_detection/train/labels/train_480_png.rf.f570e40baae7bc75215db7ad534647a7.txt,30,2048,930
train,data/preprocessed_detection/train/images/train_481_png.rf.1b7d826ac76ca9d3b71e4c16e88f2a38.jpg,data/preprocessed_detection/train/labels/train_481_png.rf.1b7d826ac76ca9d3b71e4c16e88f2a38.txt,28,2048,966
train,data/preprocessed_detection/train/images/train_481_png.rf.40871ac0632491671c7c0e62da2ca22a.jpg,data/preprocessed_detection/train/labels/train_481_png.rf.40871ac0632491671c7c0e62da2ca22a.txt,28,2048,966
train,data/preprocessed_detection/train/images/train_481_png.rf.59fef53f063f56f444ff1647b4b5dc79.jpg,data/preprocessed_detection/train/labels/train_481_png.rf.59fef53f063f56f444ff1647b4b5dc79.txt,28,2048,966
train,data/preprocessed_detection/train/images/train_482_png.rf.53809b84f38887389f5c8aac8843565b.jpg,data/preprocessed_detection/train/labels/train_482_png.rf.53809b84f38887389f5c8aac8843565b.txt,30,2048,968
train,data/preprocessed_detection/train/images/train_482_png.rf.8837793b603994dff391e10485adfff9.jpg,data/preprocessed_detection/train/labels/train_482_png.rf.8837793b603994dff391e10485adfff9.txt,30,2048,968
train,data/preprocessed_detection/train/images/train_482_png.rf.f17ce7b5a6882c4e401c8ab1ff1c6b9c.jpg,data/preprocessed_detection/train/labels/train_482_png.rf.f17ce7b5a6882c4e401c8ab1ff1c6b9c.txt,30,2048,968
train,data/preprocessed_detection/train/images/train_483_png.rf.c673a69a1ba38a3443ce305dbce08ab9.jpg,data/preprocessed_detection/train/labels/train_483_png.rf.c673a69a1ba38a3443ce305dbce08ab9.txt,28,2047,986
train,data/preprocessed_detection/train/images/train_483_png.rf.d3840caf6eede51ec874b37ca8f549a2.jpg,data/preprocessed_detection/train/labels/train_483_png.rf.d3840caf6eede51ec874b37ca8f549a2.txt,28,2047,986
train,data/preprocessed_detection/train/images/train_483_png.rf.ef60a446a1a70c2147f2ea136c8d6ef2.jpg,data/preprocessed_detection/train/labels/train_483_png.rf.ef60a446a1a70c2147f2ea136c8d6ef2.txt,28,2047,986
train,data/preprocessed_detection/train/images/train_486_png.rf.664f31a8e9f784a1f12c00908d39d8f8.jpg,data/preprocessed_detection/train/labels/train_486_png.rf.664f31a8e9f784a1f12c00908d39d8f8.txt,26,2048,980
train,data/preprocessed_detection/train/images/train_486_png.rf.81e46e8fc49d1e13adcee2b9515e9bd5.jpg,data/preprocessed_detection/train/labels/train_486_png.rf.81e46e8fc49d1e13adcee2b9515e9bd5.txt,26,2048,980
train,data/preprocessed_detection/train/images/train_486_png.rf.bd7212b0bf728a3d692b225556c749da.jpg,data/preprocessed_detection/train/labels/train_486_png.rf.bd7212b0bf728a3d692b225556c749da.txt,26,2048,980
train,data/preprocessed_detection/train/images/train_487_png.rf.6bd741408c45ae40ed028a515256cfed.jpg,data/preprocessed_detection/train/labels/train_487_png.rf.6bd741408c45ae40ed028a515256cfed.txt,28,2048,936
train,data/preprocessed_detection/train/images/train_487_png.rf.88c2f8583c37d2e6f25f8a1677842729.jpg,data/preprocessed_detection/train/labels/train_487_png.rf.88c2f8583c37d2e6f25f8a1677842729.txt,28,2048,936
train,data/preprocessed_detection/train/images/train_487_png.rf.ac66ef51e18e67657c7ce7d51106542f.jpg,data/preprocessed_detection/train/labels/train_487_png.rf.ac66ef51e18e67657c7ce7d51106542f.txt,28,2048,936
train,data/preprocessed_detection/train/images/train_490_png.rf.4f5d77be740f8a7ac7d8bfaad17c7965.jpg,data/preprocessed_detection/train/labels/train_490_png.rf.4f5d77be740f8a7ac7d8bfaad17c7965.txt,28,2048,948
train,data/preprocessed_detection/train/images/train_490_png.rf.b731ea45c003a4e8d7130a507dc1d6ce.jpg,data/preprocessed_detection/train/labels/train_490_png.rf.b731ea45c003a4e8d7130a507dc1d6ce.txt,28,2048,948
train,data/preprocessed_detection/train/images/train_490_png.rf.beaab88b5e28ddc6b40febdd668756ab.jpg,data/preprocessed_detection/train/labels/train_490_png.rf.beaab88b5e28ddc6b40febdd668756ab.txt,28,2048,948
train,data/preprocessed_detection/train/images/train_491_png.rf.4ef23b3ab9817cb2d7d28e236448e5c8.jpg,data/preprocessed_detection/train/labels/train_491_png.rf.4ef23b3ab9817cb2d7d28e236448e5c8.txt,28,2048,902
train,data/preprocessed_detection/train/images/train_491_png.rf.81de4e0b32d7256423bb246785055a03.jpg,data/preprocessed_detection/train/labels/train_491_png.rf.81de4e0b32d7256423bb246785055a03.txt,28,2048,902
train,data/preprocessed_detection/train/images/train_491_png.rf.b4a0ca6179b063bdcfd57c5c6ab13c66.jpg,data/preprocessed_detection/train/labels/train_491_png.rf.b4a0ca6179b063bdcfd57c5c6ab13c66.txt,28,2048,902
train,data/preprocessed_detection/train/images/train_492_png.rf.21cc1b3e04440e2a59bbfe7f0ce03751.jpg,data/preprocessed_detection/train/labels/train_492_png.rf.21cc1b3e04440e2a59bbfe7f0ce03751.txt,18,2047,898
train,data/preprocessed_detection/train/images/train_492_png.rf.b7c61d93c9648fab614fc3829c76ee1f.jpg,data/preprocessed_detection/train/labels/train_492_png.rf.b7c61d93c9648fab614fc3829c76ee1f.txt,18,2047,898
train,data/preprocessed_detection/train/images/train_492_png.rf.d67aa38333059ec3cbb2b2c431def994.jpg,data/preprocessed_detection/train/labels/train_492_png.rf.d67aa38333059ec3cbb2b2c431def994.txt,18,2047,898
train,data/preprocessed_detection/train/images/train_493_png.rf.03239289436466aa5d90a3e7b52931d9.jpg,data/preprocessed_detection/train/labels/train_493_png.rf.03239289436466aa5d90a3e7b52931d9.txt,32,2048,948
train,data/preprocessed_detection/train/images/train_493_png.rf.785c80af51cf5b25c9f71dddbccb5129.jpg,data/preprocessed_detection/train/labels/train_493_png.rf.785c80af51cf5b25c9f71dddbccb5129.txt,32,2048,948
train,data/preprocessed_detection/train/images/train_493_png.rf.886563f7cd8618e4a9f7edf70d89fe31.jpg,data/preprocessed_detection/train/labels/train_493_png.rf.886563f7cd8618e4a9f7edf70d89fe31.txt,32,2048,948
train,data/preprocessed_detection/train/images/train_494_png.rf.861d7553a269edc4f591007853c11b57.jpg,data/preprocessed_detection/train/labels/train_494_png.rf.861d7553a269edc4f591007853c11b57.txt,31,2048,918
train,data/preprocessed_detection/train/images/train_494_png.rf.fbd2c7b2bb35f4166946d5fed71fa621.jpg,data/preprocessed_detection/train/labels/train_494_png.rf.fbd2c7b2bb35f4166946d5fed71fa621.txt,31,2048,918
train,data/preprocessed_detection/train/images/train_494_png.rf.ffecaf297dd4716edbdea350dae309d6.jpg,data/preprocessed_detection/train/labels/train_494_png.rf.ffecaf297dd4716edbdea350dae309d6.txt,31,2048,918
train,data/preprocessed_detection/train/images/train_495_png.rf.1574b06b7cbffa2b7a963a8dbe6093e2.jpg,data/preprocessed_detection/train/labels/train_495_png.rf.1574b06b7cbffa2b7a963a8dbe6093e2.txt,27,2048,951
train,data/preprocessed_detection/train/images/train_495_png.rf.189aae16dc80d4fc0476ed5831e0b589.jpg,data/preprocessed_detection/train/labels/train_495_png.rf.189aae16dc80d4fc0476ed5831e0b589.txt,27,2048,951
train,data/preprocessed_detection/train/images/train_495_png.rf.28fbcffba189653e857cf0ed96386e39.jpg,data/preprocessed_detection/train/labels/train_495_png.rf.28fbcffba189653e857cf0ed96386e39.txt,27,2048,951
train,data/preprocessed_detection/train/images/train_496_png.rf.1fd0a9f2d7295238840b3821ca5ccfaf.jpg,data/preprocessed_detection/train/labels/train_496_png.rf.1fd0a9f2d7295238840b3821ca5ccfaf.txt,30,1976,976
train,data/preprocessed_detection/train/images/train_496_png.rf.5ce21533b894d66852eb8f2e3f53655f.jpg,data/preprocessed_detection/train/labels/train_496_png.rf.5ce21533b894d66852eb8f2e3f53655f.txt,30,1976,976
train,data/preprocessed_detection/train/images/train_496_png.rf.a672502048639833858bd629101682cf.jpg,data/preprocessed_detection/train/labels/train_496_png.rf.a672502048639833858bd629101682cf.txt,30,1976,976
train,data/preprocessed_detection/train/images/train_497_png.rf.c9dd892391e8434687d8b617dea3c9fd.jpg,data/preprocessed_detection/train/labels/train_497_png.rf.c9dd892391e8434687d8b617dea3c9fd.txt,29,2047,972
train,data/preprocessed_detection/train/images/train_497_png.rf.fec9ce293a696f8dc547b3bd8e8dbbdd.jpg,data/preprocessed_detection/train/labels/train_497_png.rf.fec9ce293a696f8dc547b3bd8e8dbbdd.txt,29,2047,972
train,data/preprocessed_detection/train/images/train_497_png.rf.ff7d8f440c3f89db9ddf96cad28117eb.jpg,data/preprocessed_detection/train/labels/train_497_png.rf.ff7d8f440c3f89db9ddf96cad28117eb.txt,29,2047,972
train,data/preprocessed_detection/train/images/train_498_png.rf.78ec213f9b85741ab57e770d7924ccbd.jpg,data/preprocessed_detection/train/labels/train_498_png.rf.78ec213f9b85741ab57e770d7924ccbd.txt,29,2048,927
train,data/preprocessed_detection/train/images/train_498_png.rf.84b2950a329ef1b43c8cc907f964ab6c.jpg,data/preprocessed_detection/train/labels/train_498_png.rf.84b2950a329ef1b43c8cc907f964ab6c.txt,29,2048,927
train,data/preprocessed_detection/train/images/train_498_png.rf.c26814723778b8d537333d07b7d43a9f.jpg,data/preprocessed_detection/train/labels/train_498_png.rf.c26814723778b8d537333d07b7d43a9f.txt,29,2048,927
train,data/preprocessed_detection/train/images/train_499_png.rf.5a09b382a238273cf49d696acf1dfd71.jpg,data/preprocessed_detection/train/labels/train_499_png.rf.5a09b382a238273cf49d696acf1dfd71.txt,29,2048,906
train,data/preprocessed_detection/train/images/train_499_png.rf.a1244ec22247c2a19490615c07a42684.jpg,data/preprocessed_detection/train/labels/train_499_png.rf.a1244ec22247c2a19490615c07a42684.txt,29,2048,906
train,data/preprocessed_detection/train/images/train_499_png.rf.df985ae48f6db0abc782788a0652be1c.jpg,data/preprocessed_detection/train/labels/train_499_png.rf.df985ae48f6db0abc782788a0652be1c.txt,29,2048,906
train,data/preprocessed_detection/train/images/train_49_png.rf.2a578a45870c432e089441e957af1c6e.jpg,data/preprocessed_detection/train/labels/train_49_png.rf.2a578a45870c432e089441e957af1c6e.txt,26,2048,908
train,data/preprocessed_detection/train/images/train_49_png.rf.76d3bb18dd407d60b785aeb2ed44f868.jpg,data/preprocessed_detection/train/labels/train_49_png.rf.76d3bb18dd407d60b785aeb2ed44f868.txt,26,2048,908
train,data/preprocessed_detection/train/images/train_49_png.rf.aefd870d941e9fa4aedc750ea0d6b3b8.jpg,data/preprocessed_detection/train/labels/train_49_png.rf.aefd870d941e9fa4aedc750ea0d6b3b8.txt,26,2048,908
train,data/preprocessed_detection/train/images/train_4_png.rf.20bd6ff9c1650c8c7d38907b5b65337f.jpg,data/preprocessed_detection/train/labels/train_4_png.rf.20bd6ff9c1650c8c7d38907b5b65337f.txt,28,2048,941
train,data/preprocessed_detection/train/images/train_4_png.rf.480a76ff9e799e8ea6680487aa77d747.jpg,data/preprocessed_detection/train/labels/train_4_png.rf.480a76ff9e799e8ea6680487aa77d747.txt,28,2048,941
train,data/preprocessed_detection/train/images/train_4_png.rf.ed9fdd51a1d82a359c244b21130a4f7c.jpg,data/preprocessed_detection/train/labels/train_4_png.rf.ed9fdd51a1d82a359c244b21130a4f7c.txt,28,2048,941
train,data/preprocessed_detection/train/images/train_501_png.rf.4a65e8d00438f9f2175c8241c90947f7.jpg,data/preprocessed_detection/train/labels/train_501_png.rf.4a65e8d00438f9f2175c8241c90947f7.txt,21,2048,957
train,data/preprocessed_detection/train/images/train_501_png.rf.6d05935864e5d91a64fe993dd3d17e2b.jpg,data/preprocessed_detection/train/labels/train_501_png.rf.6d05935864e5d91a64fe993dd3d17e2b.txt,21,2048,957
train,data/preprocessed_detection/train/images/train_501_png.rf.b8d77b19bb1c0554564dc49faa97bdea.jpg,data/preprocessed_detection/train/labels/train_501_png.rf.b8d77b19bb1c0554564dc49faa97bdea.txt,21,2048,957
train,data/preprocessed_detection/train/images/train_504_png.rf.1de411a46ded13fc59d5c120c4254597.jpg,data/preprocessed_detection/train/labels/train_504_png.rf.1de411a46ded13fc59d5c120c4254597.txt,29,2048,912
train,data/preprocessed_detection/train/images/train_504_png.rf.9ce1db3f7819d5d1b12373428b508fe9.jpg,data/preprocessed_detection/train/labels/train_504_png.rf.9ce1db3f7819d5d1b12373428b508fe9.txt,29,2048,912
train,data/preprocessed_detection/train/images/train_504_png.rf.d2918f3c6cfb05763fbf58e33e454f80.jpg,data/preprocessed_detection/train/labels/train_504_png.rf.d2918f3c6cfb05763fbf58e33e454f80.txt,29,2048,912
train,data/preprocessed_detection/train/images/train_506_png.rf.3bb34db2bd37cfbaa45afc9bc527dada.jpg,data/preprocessed_detection/train/labels/train_506_png.rf.3bb34db2bd37cfbaa45afc9bc527dada.txt,40,2048,935
train,data/preprocessed_detection/train/images/train_506_png.rf.4867281a429f3d342cf625274118ab8d.jpg,data/preprocessed_detection/train/labels/train_506_png.rf.4867281a429f3d342cf625274118ab8d.txt,40,2048,935
train,data/preprocessed_detection/train/images/train_506_png.rf.d98ef3c582aee724a7364a930bb60fec.jpg,data/preprocessed_detection/train/labels/train_506_png.rf.d98ef3c582aee724a7364a930bb60fec.txt,40,2048,935
train,data/preprocessed_detection/train/images/train_510_png.rf.85abc7cbb04756011c02ae69d22619a2.jpg,data/preprocessed_detection/train/labels/train_510_png.rf.85abc7cbb04756011c02ae69d22619a2.txt,31,2047,962
train,data/preprocessed_detection/train/images/train_510_png.rf.9cfccf29b661c464aa8645cd0761ff9a.jpg,data/preprocessed_detection/train/labels/train_510_png.rf.9cfccf29b661c464aa8645cd0761ff9a.txt,31,2047,962
train,data/preprocessed_detection/train/images/train_510_png.rf.e97ce7e48aa699025f47d7395c99dc85.jpg,data/preprocessed_detection/train/labels/train_510_png.rf.e97ce7e48aa699025f47d7395c99dc85.txt,31,2047,962
train,data/preprocessed_detection/train/images/train_511_png.rf.4c567681cd73152cc7946b0d58e9db8c.jpg,data/preprocessed_detection/train/labels/train_511_png.rf.4c567681cd73152cc7946b0d58e9db8c.txt,27,2048,912
train,data/preprocessed_detection/train/images/train_511_png.rf.ecdba629a49135b23bb5986c56a33fbb.jpg,data/preprocessed_detection/train/labels/train_511_png.rf.ecdba629a49135b23bb5986c56a33fbb.txt,27,2048,912
train,data/preprocessed_detection/train/images/train_511_png.rf.ff62e9896515ade1ce2bc0700f86b6f5.jpg,data/preprocessed_detection/train/labels/train_511_png.rf.ff62e9896515ade1ce2bc0700f86b6f5.txt,27,2048,912
train,data/preprocessed_detection/train/images/train_513_png.rf.5464f24475d0cdc7d49efe8205b73834.jpg,data/preprocessed_detection/train/labels/train_513_png.rf.5464f24475d0cdc7d49efe8205b73834.txt,29,2047,917
train,data/preprocessed_detection/train/images/train_513_png.rf.af3d2c13368d9f49a94e33fd8f3e5cf6.jpg,data/preprocessed_detection/train/labels/train_513_png.rf.af3d2c13368d9f49a94e33fd8f3e5cf6.txt,29,2047,917
train,data/preprocessed_detection/train/images/train_513_png.rf.bd7b396547d7ed85027349a931e88793.jpg,data/preprocessed_detection/train/labels/train_513_png.rf.bd7b396547d7ed85027349a931e88793.txt,29,2047,917
train,data/preprocessed_detection/train/images/train_515_png.rf.cbc07e61d1a7a8d53a7462c4d7ea954a.jpg,data/preprocessed_detection/train/labels/train_515_png.rf.cbc07e61d1a7a8d53a7462c4d7ea954a.txt,27,2048,960
train,data/preprocessed_detection/train/images/train_515_png.rf.ce3fbf46b50499274d3576ec93a6478a.jpg,data/preprocessed_detection/train/labels/train_515_png.rf.ce3fbf46b50499274d3576ec93a6478a.txt,27,2048,960
train,data/preprocessed_detection/train/images/train_515_png.rf.d30270b49ebcc01e4baec9614e3268bb.jpg,data/preprocessed_detection/train/labels/train_515_png.rf.d30270b49ebcc01e4baec9614e3268bb.txt,27,2048,960
train,data/preprocessed_detection/train/images/train_518_png.rf.60a724cbd3e060c5c715cce547f4c3ad.jpg,data/preprocessed_detection/train/labels/train_518_png.rf.60a724cbd3e060c5c715cce547f4c3ad.txt,27,2048,957
train,data/preprocessed_detection/train/images/train_518_png.rf.d02f75a5e51e882bde53a36b06ed882e.jpg,data/preprocessed_detection/train/labels/train_518_png.rf.d02f75a5e51e882bde53a36b06ed882e.txt,27,2048,957
train,data/preprocessed_detection/train/images/train_518_png.rf.eb8729a75b2554bf0e7e5ee2ae329ffe.jpg,data/preprocessed_detection/train/labels/train_518_png.rf.eb8729a75b2554bf0e7e5ee2ae329ffe.txt,27,2048,957
train,data/preprocessed_detection/train/images/train_51_png.rf.54d90235e2ff56ee7aa0571fd086d097.jpg,data/preprocessed_detection/train/labels/train_51_png.rf.54d90235e2ff56ee7aa0571fd086d097.txt,31,2048,935
train,data/preprocessed_detection/train/images/train_51_png.rf.65a7428ede93104530d78fa0c3f9e190.jpg,data/preprocessed_detection/train/labels/train_51_png.rf.65a7428ede93104530d78fa0c3f9e190.txt,31,2048,935
train,data/preprocessed_detection/train/images/train_51_png.rf.7891bcfffca9ce839904f7d6cd72de00.jpg,data/preprocessed_detection/train/labels/train_51_png.rf.7891bcfffca9ce839904f7d6cd72de00.txt,31,2048,935
train,data/preprocessed_detection/train/images/train_520_png.rf.6273f011f19afab9a28c76bd610cb54b.jpg,data/preprocessed_detection/train/labels/train_520_png.rf.6273f011f19afab9a28c76bd610cb54b.txt,25,2048,959
train,data/preprocessed_detection/train/images/train_520_png.rf.d405672ba602ab399303faf87c51ecb2.jpg,data/preprocessed_detection/train/labels/train_520_png.rf.d405672ba602ab399303faf87c51ecb2.txt,25,2048,959
train,data/preprocessed_detection/train/images/train_520_png.rf.eceeb56be1524c092021cbbd4366dc7f.jpg,data/preprocessed_detection/train/labels/train_520_png.rf.eceeb56be1524c092021cbbd4366dc7f.txt,25,2048,959
train,data/preprocessed_detection/train/images/train_522_png.rf.7504d9e642c12a88ddbd5e85056b73ee.jpg,data/preprocessed_detection/train/labels/train_522_png.rf.7504d9e642c12a88ddbd5e85056b73ee.txt,32,2048,928
train,data/preprocessed_detection/train/images/train_522_png.rf.b706e2f712833f6b1325beabddfcf13a.jpg,data/preprocessed_detection/train/labels/train_522_png.rf.b706e2f712833f6b1325beabddfcf13a.txt,32,2048,928
train,data/preprocessed_detection/train/images/train_522_png.rf.c5ddb06d812142e4c9207586631a9695.jpg,data/preprocessed_detection/train/labels/train_522_png.rf.c5ddb06d812142e4c9207586631a9695.txt,32,2048,928
train,data/preprocessed_detection/train/images/train_525_png.rf.8e0a511940fdda51f68cecad191a4fd9.jpg,data/preprocessed_detection/train/labels/train_525_png.rf.8e0a511940fdda51f68cecad191a4fd9.txt,32,2048,951
train,data/preprocessed_detection/train/images/train_525_png.rf.ac144f7879eb4d553f2aff1638cce477.jpg,data/preprocessed_detection/train/labels/train_525_png.rf.ac144f7879eb4d553f2aff1638cce477.txt,32,2048,951
train,data/preprocessed_detection/train/images/train_525_png.rf.b2fa574f908fd761702aab7cb4861da0.jpg,data/preprocessed_detection/train/labels/train_525_png.rf.b2fa574f908fd761702aab7cb4861da0.txt,32,2048,951
train,data/preprocessed_detection/train/images/train_526_png.rf.2cc4ddcf11aad4c5305b43d65f146bb0.jpg,data/preprocessed_detection/train/labels/train_526_png.rf.2cc4ddcf11aad4c5305b43d65f146bb0.txt,32,1976,976
train,data/preprocessed_detection/train/images/train_526_png.rf.3960b643420ab633750811bbf8c1f683.jpg,data/preprocessed_detection/train/labels/train_526_png.rf.3960b643420ab633750811bbf8c1f683.txt,32,1976,976
train,data/preprocessed_detection/train/images/train_526_png.rf.f24565d29365c138cf248dd36eed5006.jpg,data/preprocessed_detection/train/labels/train_526_png.rf.f24565d29365c138cf248dd36eed5006.txt,32,1976,976
train,data/preprocessed_detection/train/images/train_527_png.rf.03b4f5294cf439de2b4a95911a4283d3.jpg,data/preprocessed_detection/train/labels/train_527_png.rf.03b4f5294cf439de2b4a95911a4283d3.txt,28,2048,967
train,data/preprocessed_detection/train/images/train_527_png.rf.3ae5bc14db7c7f9ded730dce1d70a0a8.jpg,data/preprocessed_detection/train/labels/train_527_png.rf.3ae5bc14db7c7f9ded730dce1d70a0a8.txt,28,2048,967
train,data/preprocessed_detection/train/images/train_527_png.rf.5def3fbca5011c464a8368f9f6a77476.jpg,data/preprocessed_detection/train/labels/train_527_png.rf.5def3fbca5011c464a8368f9f6a77476.txt,28,2048,967
train,data/preprocessed_detection/train/images/train_528_png.rf.00150efe796059be69fe6ff83626ad07.jpg,data/preprocessed_detection/train/labels/train_528_png.rf.00150efe796059be69fe6ff83626ad07.txt,32,2048,958
train,data/preprocessed_detection/train/images/train_528_png.rf.40687747174ebf60342740d44a78cd27.jpg,data/preprocessed_detection/train/labels/train_528_png.rf.40687747174ebf60342740d44a78cd27.txt,32,2048,958
train,data/preprocessed_detection/train/images/train_528_png.rf.4df2c6be724e479e056973815a005c8b.jpg,data/preprocessed_detection/train/labels/train_528_png.rf.4df2c6be724e479e056973815a005c8b.txt,32,2048,958
train,data/preprocessed_detection/train/images/train_530_png.rf.25517292fddf4df9b438b321972a70f1.jpg,data/preprocessed_detection/train/labels/train_530_png.rf.25517292fddf4df9b438b321972a70f1.txt,24,2048,904
train,data/preprocessed_detection/train/images/train_530_png.rf.396d34852ba5d10044299ad8a4e04f90.jpg,data/preprocessed_detection/train/labels/train_530_png.rf.396d34852ba5d10044299ad8a4e04f90.txt,24,2048,904
train,data/preprocessed_detection/train/images/train_530_png.rf.7b5b44a22408cb407524621de47ea542.jpg,data/preprocessed_detection/train/labels/train_530_png.rf.7b5b44a22408cb407524621de47ea542.txt,24,2048,904
train,data/preprocessed_detection/train/images/train_531_png.rf.0d38667040de3ba822defd88243ef4f5.jpg,data/preprocessed_detection/train/labels/train_531_png.rf.0d38667040de3ba822defd88243ef4f5.txt,30,2047,916
train,data/preprocessed_detection/train/images/train_531_png.rf.1bc90bd86d04124f9c20be234348b011.jpg,data/preprocessed_detection/train/labels/train_531_png.rf.1bc90bd86d04124f9c20be234348b011.txt,30,2047,916
train,data/preprocessed_detection/train/images/train_531_png.rf.2bac79045c13b2eca18e2ea837f9aeb2.jpg,data/preprocessed_detection/train/labels/train_531_png.rf.2bac79045c13b2eca18e2ea837f9aeb2.txt,30,2047,916
train,data/preprocessed_detection/train/images/train_533_png.rf.8b9791726803b71fb3b14b4c89feab23.jpg,data/preprocessed_detection/train/labels/train_533_png.rf.8b9791726803b71fb3b14b4c89feab23.txt,31,2047,914
train,data/preprocessed_detection/train/images/train_533_png.rf.97e4d0a072fed9495c448ccd92f3427a.jpg,data/preprocessed_detection/train/labels/train_533_png.rf.97e4d0a072fed9495c448ccd92f3427a.txt,31,2047,914
train,data/preprocessed_detection/train/images/train_533_png.rf.b51d5afc5f0ec2fac55b73ca359334a8.jpg,data/preprocessed_detection/train/labels/train_533_png.rf.b51d5afc5f0ec2fac55b73ca359334a8.txt,31,2047,914
train,data/preprocessed_detection/train/images/train_534_png.rf.45c3384c943a8cd54611f41323daf02b.jpg,data/preprocessed_detection/train/labels/train_534_png.rf.45c3384c943a8cd54611f41323daf02b.txt,30,2048,912
train,data/preprocessed_detection/train/images/train_534_png.rf.54bef243346e3fc69d3f30f198fee381.jpg,data/preprocessed_detection/train/labels/train_534_png.rf.54bef243346e3fc69d3f30f198fee381.txt,30,2048,912
train,data/preprocessed_detection/train/images/train_534_png.rf.b8779c687486fce007fc1cdd4cae0c0a.jpg,data/preprocessed_detection/train/labels/train_534_png.rf.b8779c687486fce007fc1cdd4cae0c0a.txt,30,2048,912
train,data/preprocessed_detection/train/images/train_535_png.rf.035530653dea4e96cd126002002f3d12.jpg,data/preprocessed_detection/train/labels/train_535_png.rf.035530653dea4e96cd126002002f3d12.txt,29,2048,952
train,data/preprocessed_detection/train/images/train_535_png.rf.7e6a1630d712027297c291fef5825fe0.jpg,data/preprocessed_detection/train/labels/train_535_png.rf.7e6a1630d712027297c291fef5825fe0.txt,29,2048,952
train,data/preprocessed_detection/train/images/train_535_png.rf.e964b2478447b0bb377e8391bbf1ea59.jpg,data/preprocessed_detection/train/labels/train_535_png.rf.e964b2478447b0bb377e8391bbf1ea59.txt,29,2048,952
train,data/preprocessed_detection/train/images/train_537_png.rf.13f64cd381563fe1682c92d92177525c.jpg,data/preprocessed_detection/train/labels/train_537_png.rf.13f64cd381563fe1682c92d92177525c.txt,27,1976,976
train,data/preprocessed_detection/train/images/train_537_png.rf.617170c904ade7f8d5c9da8671501192.jpg,data/preprocessed_detection/train/labels/train_537_png.rf.617170c904ade7f8d5c9da8671501192.txt,27,1976,976
train,data/preprocessed_detection/train/images/train_537_png.rf.b4c952cc0fe68e4230fb70e4a0602785.jpg,data/preprocessed_detection/train/labels/train_537_png.rf.b4c952cc0fe68e4230fb70e4a0602785.txt,27,1976,976
train,data/preprocessed_detection/train/images/train_538_png.rf.0a94a7166340cc58e711c2c03a68ecfe.jpg,data/preprocessed_detection/train/labels/train_538_png.rf.0a94a7166340cc58e711c2c03a68ecfe.txt,29,2048,918
train,data/preprocessed_detection/train/images/train_538_png.rf.0b768650eb3847c58f678d51e365b0a6.jpg,data/preprocessed_detection/train/labels/train_538_png.rf.0b768650eb3847c58f678d51e365b0a6.txt,29,2048,918
train,data/preprocessed_detection/train/images/train_538_png.rf.10c86a4832f9855bb5acd9b508ddc63e.jpg,data/preprocessed_detection/train/labels/train_538_png.rf.10c86a4832f9855bb5acd9b508ddc63e.txt,29,2048,918
train,data/preprocessed_detection/train/images/train_541_png.rf.6f8c5ddd5284030d30419717fc72c0eb.jpg,data/preprocessed_detection/train/labels/train_541_png.rf.6f8c5ddd5284030d30419717fc72c0eb.txt,31,2048,935
train,data/preprocessed_detection/train/images/train_541_png.rf.87107b2a90877bb80c3fc8ddd63ea527.jpg,data/preprocessed_detection/train/labels/train_541_png.rf.87107b2a90877bb80c3fc8ddd63ea527.txt,31,2048,935
train,data/preprocessed_detection/train/images/train_541_png.rf.97c0bca0e7423e0590b35bd8630aa72b.jpg,data/preprocessed_detection/train/labels/train_541_png.rf.97c0bca0e7423e0590b35bd8630aa72b.txt,31,2048,935
train,data/preprocessed_detection/train/images/train_544_png.rf.1525668e295b3bacf93696bf087856fb.jpg,data/preprocessed_detection/train/labels/train_544_png.rf.1525668e295b3bacf93696bf087856fb.txt,26,2048,928
train,data/preprocessed_detection/train/images/train_544_png.rf.51858501cef8ad55da6c5d88728b20f9.jpg,data/preprocessed_detection/train/labels/train_544_png.rf.51858501cef8ad55da6c5d88728b20f9.txt,26,2048,928
train,data/preprocessed_detection/train/images/train_544_png.rf.842af8b09baa250be1a4441507086dd9.jpg,data/preprocessed_detection/train/labels/train_544_png.rf.842af8b09baa250be1a4441507086dd9.txt,26,2048,928
train,data/preprocessed_detection/train/images/train_545_png.rf.4eb5a83e4918dddf7779c441b4ad1b77.jpg,data/preprocessed_detection/train/labels/train_545_png.rf.4eb5a83e4918dddf7779c441b4ad1b77.txt,30,2048,989
train,data/preprocessed_detection/train/images/train_545_png.rf.76930ff1b0b46e94db59bd727e2158d2.jpg,data/preprocessed_detection/train/labels/train_545_png.rf.76930ff1b0b46e94db59bd727e2158d2.txt,30,2048,989
train,data/preprocessed_detection/train/images/train_545_png.rf.de9ceba36fe8c96dc04283ed71c16ea1.jpg,data/preprocessed_detection/train/labels/train_545_png.rf.de9ceba36fe8c96dc04283ed71c16ea1.txt,30,2048,989
train,data/preprocessed_detection/train/images/train_547_png.rf.4a2246b625b5dfa523377cc64dc7ac02.jpg,data/preprocessed_detection/train/labels/train_547_png.rf.4a2246b625b5dfa523377cc64dc7ac02.txt,27,1976,976
train,data/preprocessed_detection/train/images/train_547_png.rf.974e4da89ad8bfd4b55cdd83bffc9fa0.jpg,data/preprocessed_detection/train/labels/train_547_png.rf.974e4da89ad8bfd4b55cdd83bffc9fa0.txt,27,1976,976
train,data/preprocessed_detection/train/images/train_547_png.rf.9afea4d9eb77f03f5cf14e038bbe6b13.jpg,data/preprocessed_detection/train/labels/train_547_png.rf.9afea4d9eb77f03f5cf14e038bbe6b13.txt,27,1976,976
train,data/preprocessed_detection/train/images/train_549_png.rf.d129be49acca5f97c6e77f7695508eaf.jpg,data/preprocessed_detection/train/labels/train_549_png.rf.d129be49acca5f97c6e77f7695508eaf.txt,27,2048,1073
train,data/preprocessed_detection/train/images/train_549_png.rf.d14e073e4752f351dda37ac0dfd0c325.jpg,data/preprocessed_detection/train/labels/train_549_png.rf.d14e073e4752f351dda37ac0dfd0c325.txt,27,2048,1073
train,data/preprocessed_detection/train/images/train_549_png.rf.ea21bb84994ef880d1a88ab496c1fa36.jpg,data/preprocessed_detection/train/labels/train_549_png.rf.ea21bb84994ef880d1a88ab496c1fa36.txt,27,2048,1073
train,data/preprocessed_detection/train/images/train_550_png.rf.1a0fd1adbb7d80c5500463912bab07f4.jpg,data/preprocessed_detection/train/labels/train_550_png.rf.1a0fd1adbb7d80c5500463912bab07f4.txt,32,2048,946
train,data/preprocessed_detection/train/images/train_550_png.rf.2e4daa07defcd65f044c17116c39f532.jpg,data/preprocessed_detection/train/labels/train_550_png.rf.2e4daa07defcd65f044c17116c39f532.txt,32,2048,946
train,data/preprocessed_detection/train/images/train_550_png.rf.6288ffda11f962052731d5ee637a6428.jpg,data/preprocessed_detection/train/labels/train_550_png.rf.6288ffda11f962052731d5ee637a6428.txt,32,2048,946
train,data/preprocessed_detection/train/images/train_552_png.rf.04b6c659325f8f5616245f6a5f0120dc.jpg,data/preprocessed_detection/train/labels/train_552_png.rf.04b6c659325f8f5616245f6a5f0120dc.txt,26,2047,916
train,data/preprocessed_detection/train/images/train_552_png.rf.1c680a9e2e355c594203df4cbcafc5c9.jpg,data/preprocessed_detection/train/labels/train_552_png.rf.1c680a9e2e355c594203df4cbcafc5c9.txt,26,2047,916
train,data/preprocessed_detection/train/images/train_552_png.rf.d161ad83c0e12a17ef05e2575ea23c78.jpg,data/preprocessed_detection/train/labels/train_552_png.rf.d161ad83c0e12a17ef05e2575ea23c78.txt,26,2047,916
train,data/preprocessed_detection/train/images/train_555_png.rf.0faee10d2138d88fa2e5830e19d1e5c7.jpg,data/preprocessed_detection/train/labels/train_555_png.rf.0faee10d2138d88fa2e5830e19d1e5c7.txt,31,1976,976
train,data/preprocessed_detection/train/images/train_555_png.rf.473701c4b363eb83f4057589ae442507.jpg,data/preprocessed_detection/train/labels/train_555_png.rf.473701c4b363eb83f4057589ae442507.txt,31,1976,976
train,data/preprocessed_detection/train/images/train_555_png.rf.6154e0dbfabf39b99c36befbf1082cf2.jpg,data/preprocessed_detection/train/labels/train_555_png.rf.6154e0dbfabf39b99c36befbf1082cf2.txt,31,1976,976
train,data/preprocessed_detection/train/images/train_556_png.rf.41a70af93a61d4fb99ea4074aea0fb50.jpg,data/preprocessed_detection/train/labels/train_556_png.rf.41a70af93a61d4fb99ea4074aea0fb50.txt,31,2047,917
train,data/preprocessed_detection/train/images/train_556_png.rf.bc31035f0e6052f122a62cea5252a5bc.jpg,data/preprocessed_detection/train/labels/train_556_png.rf.bc31035f0e6052f122a62cea5252a5bc.txt,31,2047,917
train,data/preprocessed_detection/train/images/train_556_png.rf.c1c29115320feb6ebc1837996f7169f8.jpg,data/preprocessed_detection/train/labels/train_556_png.rf.c1c29115320feb6ebc1837996f7169f8.txt,31,2047,917
train,data/preprocessed_detection/train/images/train_557_png.rf.3069589d09af34fa79cf233e8449d89f.jpg,data/preprocessed_detection/train/labels/train_557_png.rf.3069589d09af34fa79cf233e8449d89f.txt,31,2048,951
train,data/preprocessed_detection/train/images/train_557_png.rf.3e369ee95c6b8db1cc2ceaaa7a2d9243.jpg,data/preprocessed_detection/train/labels/train_557_png.rf.3e369ee95c6b8db1cc2ceaaa7a2d9243.txt,31,2048,951
train,data/preprocessed_detection/train/images/train_557_png.rf.649ec48597ab03cfc1d65211ed3cd73b.jpg,data/preprocessed_detection/train/labels/train_557_png.rf.649ec48597ab03cfc1d65211ed3cd73b.txt,31,2048,951
train,data/preprocessed_detection/train/images/train_560_png.rf.3ff15bac714b0d4841dbf46a344a4679.jpg,data/preprocessed_detection/train/labels/train_560_png.rf.3ff15bac714b0d4841dbf46a344a4679.txt,31,2048,972
train,data/preprocessed_detection/train/images/train_560_png.rf.b9810377f68f5ee396a53e208cf6ad8f.jpg,data/preprocessed_detection/train/labels/train_560_png.rf.b9810377f68f5ee396a53e208cf6ad8f.txt,31,2048,972
train,data/preprocessed_detection/train/images/train_560_png.rf.c9055135f155e6ba12ce796c5debb44f.jpg,data/preprocessed_detection/train/labels/train_560_png.rf.c9055135f155e6ba12ce796c5debb44f.txt,31,2048,972
train,data/preprocessed_detection/train/images/train_561_png.rf.36b9026a2c621487037e59363f63281f.jpg,data/preprocessed_detection/train/labels/train_561_png.rf.36b9026a2c621487037e59363f63281f.txt,32,2048,941
train,data/preprocessed_detection/train/images/train_561_png.rf.88a744ffed20f926bd8be4e1e25bf893.jpg,data/preprocessed_detection/train/labels/train_561_png.rf.88a744ffed20f926bd8be4e1e25bf893.txt,32,2048,941
train,data/preprocessed_detection/train/images/train_561_png.rf.a84f178a6e4d47bcfcd51588f3685afa.jpg,data/preprocessed_detection/train/labels/train_561_png.rf.a84f178a6e4d47bcfcd51588f3685afa.txt,32,2048,941
train,data/preprocessed_detection/train/images/train_562_png.rf.87b19da329962db3b0cd5399dc943218.jpg,data/preprocessed_detection/train/labels/train_562_png.rf.87b19da329962db3b0cd5399dc943218.txt,28,2048,913
train,data/preprocessed_detection/train/images/train_562_png.rf.cd97f6a6000d392c712121f7a8384d0a.jpg,data/preprocessed_detection/train/labels/train_562_png.rf.cd97f6a6000d392c712121f7a8384d0a.txt,28,2048,913
train,data/preprocessed_detection/train/images/train_562_png.rf.e9f5e4e0f2b2a565e4313d71db120772.jpg,data/preprocessed_detection/train/labels/train_562_png.rf.e9f5e4e0f2b2a565e4313d71db120772.txt,28,2048,913
train,data/preprocessed_detection/train/images/train_563_png.rf.2c7ff41c1312d5c246e3e2f51b177a01.jpg,data/preprocessed_detection/train/labels/train_563_png.rf.2c7ff41c1312d5c246e3e2f51b177a01.txt,28,1976,976
train,data/preprocessed_detection/train/images/train_563_png.rf.68bd791a9e4f4daaea76f1f64ed4d95e.jpg,data/preprocessed_detection/train/labels/train_563_png.rf.68bd791a9e4f4daaea76f1f64ed4d95e.txt,28,1976,976
train,data/preprocessed_detection/train/images/train_563_png.rf.d278783fdf118ffcd14856609f21eb70.jpg,data/preprocessed_detection/train/labels/train_563_png.rf.d278783fdf118ffcd14856609f21eb70.txt,28,1976,976
train,data/preprocessed_detection/train/images/train_564_png.rf.291c0137118a7e8f57048cd840c84340.jpg,data/preprocessed_detection/train/labels/train_564_png.rf.291c0137118a7e8f57048cd840c84340.txt,30,2048,960
train,data/preprocessed_detection/train/images/train_564_png.rf.2c70f2d2b16f4a238f53c5229eea6d20.jpg,data/preprocessed_detection/train/labels/train_564_png.rf.2c70f2d2b16f4a238f53c5229eea6d20.txt,30,2048,960
train,data/preprocessed_detection/train/images/train_564_png.rf.b0148cd706a34961531d5ff4417def31.jpg,data/preprocessed_detection/train/labels/train_564_png.rf.b0148cd706a34961531d5ff4417def31.txt,30,2048,960
train,data/preprocessed_detection/train/images/train_565_png.rf.3bfeb2275f46e84c804632414292daf1.jpg,data/preprocessed_detection/train/labels/train_565_png.rf.3bfeb2275f46e84c804632414292daf1.txt,20,2048,946
train,data/preprocessed_detection/train/images/train_565_png.rf.92d86162404c508fc8507eb245748554.jpg,data/preprocessed_detection/train/labels/train_565_png.rf.92d86162404c508fc8507eb245748554.txt,20,2048,946
train,data/preprocessed_detection/train/images/train_565_png.rf.fdc848fa21c8ab8159cce1e44b183674.jpg,data/preprocessed_detection/train/labels/train_565_png.rf.fdc848fa21c8ab8159cce1e44b183674.txt,20,2048,946
train,data/preprocessed_detection/train/images/train_566_png.rf.0d89b2768e367e06bcdbfc0d43174371.jpg,data/preprocessed_detection/train/labels/train_566_png.rf.0d89b2768e367e06bcdbfc0d43174371.txt,27,2048,982
train,data/preprocessed_detection/train/images/train_566_png.rf.bbea302f5b58e3c5f93c67e70246bd10.jpg,data/preprocessed_detection/train/labels/train_566_png.rf.bbea302f5b58e3c5f93c67e70246bd10.txt,27,2048,982
train,data/preprocessed_detection/train/images/train_566_png.rf.e3dd3e644bb5777452f68572c62eaf1e.jpg,data/preprocessed_detection/train/labels/train_566_png.rf.e3dd3e644bb5777452f68572c62eaf1e.txt,27,2048,982
train,data/preprocessed_detection/train/images/train_567_png.rf.72bc8d625d950058571fa627ad40c3cc.jpg,data/preprocessed_detection/train/labels/train_567_png.rf.72bc8d625d950058571fa627ad40c3cc.txt,30,2047,929
train,data/preprocessed_detection/train/images/train_567_png.rf.acfcabc8b07b80df9ff7e29fdda1a767.jpg,data/preprocessed_detection/train/labels/train_567_png.rf.acfcabc8b07b80df9ff7e29fdda1a767.txt,30,2047,929
train,data/preprocessed_detection/train/images/train_567_png.rf.d52b5c7db46387efae27fb9f7af8a4f7.jpg,data/preprocessed_detection/train/labels/train_567_png.rf.d52b5c7db46387efae27fb9f7af8a4f7.txt,30,2047,929
train,data/preprocessed_detection/train/images/train_568_png.rf.1c08582bf7e1f74b299774ed184009ec.jpg,data/preprocessed_detection/train/labels/train_568_png.rf.1c08582bf7e1f74b299774ed184009ec.txt,28,2048,960
train,data/preprocessed_detection/train/images/train_568_png.rf.3b2b718424c8edc774bf762128581f77.jpg,data/preprocessed_detection/train/labels/train_568_png.rf.3b2b718424c8edc774bf762128581f77.txt,28,2048,960
train,data/preprocessed_detection/train/images/train_568_png.rf.450c61e6f2a8e2a4fd03a52006b69d93.jpg,data/preprocessed_detection/train/labels/train_568_png.rf.450c61e6f2a8e2a4fd03a52006b69d93.txt,28,2048,960
train,data/preprocessed_detection/train/images/train_569_png.rf.13dc3c0f69d3c8ab0426b1ffe884e954.jpg,data/preprocessed_detection/train/labels/train_569_png.rf.13dc3c0f69d3c8ab0426b1ffe884e954.txt,32,2048,927
train,data/preprocessed_detection/train/images/train_569_png.rf.6c0983208c9bb7673de29aa459634a6b.jpg,data/preprocessed_detection/train/labels/train_569_png.rf.6c0983208c9bb7673de29aa459634a6b.txt,32,2048,927
train,data/preprocessed_detection/train/images/train_569_png.rf.b62b366d396ae2b4792c545e748284d8.jpg,data/preprocessed_detection/train/labels/train_569_png.rf.b62b366d396ae2b4792c545e748284d8.txt,32,2048,927
train,data/preprocessed_detection/train/images/train_56_png.rf.248ae46d2bba6ee97da43added898eb1.jpg,data/preprocessed_detection/train/labels/train_56_png.rf.248ae46d2bba6ee97da43added898eb1.txt,32,2048,974
train,data/preprocessed_detection/train/images/train_56_png.rf.a71b3b90d7286b97a1af348b340e8a3f.jpg,data/preprocessed_detection/train/labels/train_56_png.rf.a71b3b90d7286b97a1af348b340e8a3f.txt,32,2048,974
train,data/preprocessed_detection/train/images/train_56_png.rf.ed9cd1a143f0567be0a3b0bab357077a.jpg,data/preprocessed_detection/train/labels/train_56_png.rf.ed9cd1a143f0567be0a3b0bab357077a.txt,32,2048,974
train,data/preprocessed_detection/train/images/train_571_png.rf.30b7a0328f901fdfffa97179aab66bc8.jpg,data/preprocessed_detection/train/labels/train_571_png.rf.30b7a0328f901fdfffa97179aab66bc8.txt,31,2048,922
train,data/preprocessed_detection/train/images/train_571_png.rf.8340eba2aee90aaefa6877ac929b7e28.jpg,data/preprocessed_detection/train/labels/train_571_png.rf.8340eba2aee90aaefa6877ac929b7e28.txt,31,2048,922
train,data/preprocessed_detection/train/images/train_571_png.rf.dea03c4fadedf363a0c9d380197054a3.jpg,data/preprocessed_detection/train/labels/train_571_png.rf.dea03c4fadedf363a0c9d380197054a3.txt,31,2048,922
train,data/preprocessed_detection/train/images/train_572_png.rf.2917e09c655c2a33a2de28d71af1e7e3.jpg,data/preprocessed_detection/train/labels/train_572_png.rf.2917e09c655c2a33a2de28d71af1e7e3.txt,30,2048,974
train,data/preprocessed_detection/train/images/train_572_png.rf.4f42fc047b5fb7efa72903be939c280b.jpg,data/preprocessed_detection/train/labels/train_572_png.rf.4f42fc047b5fb7efa72903be939c280b.txt,30,2048,974
train,data/preprocessed_detection/train/images/train_572_png.rf.cbe2c30a557358047641c0c098e80e68.jpg,data/preprocessed_detection/train/labels/train_572_png.rf.cbe2c30a557358047641c0c098e80e68.txt,30,2048,974
train,data/preprocessed_detection/train/images/train_573_png.rf.81c2c60e5d48a0721551446ab54ab38f.jpg,data/preprocessed_detection/train/labels/train_573_png.rf.81c2c60e5d48a0721551446ab54ab38f.txt,31,2048,958
train,data/preprocessed_detection/train/images/train_573_png.rf.9ad5351a68e27e73bb3caf149ac8a263.jpg,data/preprocessed_detection/train/labels/train_573_png.rf.9ad5351a68e27e73bb3caf149ac8a263.txt,31,2048,958
train,data/preprocessed_detection/train/images/train_573_png.rf.b78fb9ebec68483a3fb97f495868cef8.jpg,data/preprocessed_detection/train/labels/train_573_png.rf.b78fb9ebec68483a3fb97f495868cef8.txt,31,2048,958
train,data/preprocessed_detection/train/images/train_577_png.rf.2eb3d46bda8830e3079cb881c149ae9b.jpg,data/preprocessed_detection/train/labels/train_577_png.rf.2eb3d46bda8830e3079cb881c149ae9b.txt,28,2048,952
train,data/preprocessed_detection/train/images/train_577_png.rf.ab8943e4ef4d4f37c792636857d52867.jpg,data/preprocessed_detection/train/labels/train_577_png.rf.ab8943e4ef4d4f37c792636857d52867.txt,28,2048,952
train,data/preprocessed_detection/train/images/train_577_png.rf.fa304726f4d49086fd2fbca28652bd46.jpg,data/preprocessed_detection/train/labels/train_577_png.rf.fa304726f4d49086fd2fbca28652bd46.txt,28,2048,952
train,data/preprocessed_detection/train/images/train_578_png.rf.201e92326464a0733827295b8acc3dc7.jpg,data/preprocessed_detection/train/labels/train_578_png.rf.201e92326464a0733827295b8acc3dc7.txt,31,2047,975
train,data/preprocessed_detection/train/images/train_578_png.rf.278a9d358e625dd12200a20d4a02f3b8.jpg,data/preprocessed_detection/train/labels/train_578_png.rf.278a9d358e625dd12200a20d4a02f3b8.txt,31,2047,975
train,data/preprocessed_detection/train/images/train_578_png.rf.f90a057855e8cc00c647331d88ca9ecc.jpg,data/preprocessed_detection/train/labels/train_578_png.rf.f90a057855e8cc00c647331d88ca9ecc.txt,31,2047,975
train,data/preprocessed_detection/train/images/train_57_png.rf.6f9ea69a56a1457ed34f4ef86bd30544.jpg,data/preprocessed_detection/train/labels/train_57_png.rf.6f9ea69a56a1457ed34f4ef86bd30544.txt,27,2048,919
train,data/preprocessed_detection/train/images/train_57_png.rf.b259e327e418fc1b8c628d43a9c762a8.jpg,data/preprocessed_detection/train/labels/train_57_png.rf.b259e327e418fc1b8c628d43a9c762a8.txt,27,2048,919
train,data/preprocessed_detection/train/images/train_57_png.rf.de5336f8f886d36be78bff156ffd4852.jpg,data/preprocessed_detection/train/labels/train_57_png.rf.de5336f8f886d36be78bff156ffd4852.txt,27,2048,919
train,data/preprocessed_detection/train/images/train_580_png.rf.5cd5757cf44bc5d8033681453e37c9fc.jpg,data/preprocessed_detection/train/labels/train_580_png.rf.5cd5757cf44bc5d8033681453e37c9fc.txt,22,2048,1073
train,data/preprocessed_detection/train/images/train_580_png.rf.d7e2eaf9459cfb07eb68d76957ee87cf.jpg,data/preprocessed_detection/train/labels/train_580_png.rf.d7e2eaf9459cfb07eb68d76957ee87cf.txt,22,2048,1073
train,data/preprocessed_detection/train/images/train_580_png.rf.e27110a17e0e5ad8811235bef4c1cb24.jpg,data/preprocessed_detection/train/labels/train_580_png.rf.e27110a17e0e5ad8811235bef4c1cb24.txt,22,2048,1073
train,data/preprocessed_detection/train/images/train_581_png.rf.8853c9ace1e546eea4003894c4fa9c5c.jpg,data/preprocessed_detection/train/labels/train_581_png.rf.8853c9ace1e546eea4003894c4fa9c5c.txt,32,2048,957
train,data/preprocessed_detection/train/images/train_581_png.rf.bb1551b1ab910f4a4bbb3b22b598721f.jpg,data/preprocessed_detection/train/labels/train_581_png.rf.bb1551b1ab910f4a4bbb3b22b598721f.txt,32,2048,957
train,data/preprocessed_detection/train/images/train_581_png.rf.ea6da023984dc5b6676e4d33f8dbc1cf.jpg,data/preprocessed_detection/train/labels/train_581_png.rf.ea6da023984dc5b6676e4d33f8dbc1cf.txt,32,2048,957
train,data/preprocessed_detection/train/images/train_584_png.rf.17aad8e66beeb8e00b20b718c8bc625d.jpg,data/preprocessed_detection/train/labels/train_584_png.rf.17aad8e66beeb8e00b20b718c8bc625d.txt,31,2048,942
train,data/preprocessed_detection/train/images/train_584_png.rf.889dedc9d2c6a95297ce98e5b8278f00.jpg,data/preprocessed_detection/train/labels/train_584_png.rf.889dedc9d2c6a95297ce98e5b8278f00.txt,31,2048,942
train,data/preprocessed_detection/train/images/train_584_png.rf.d7dd4a36ffb3782d039c5f414254ec97.jpg,data/preprocessed_detection/train/labels/train_584_png.rf.d7dd4a36ffb3782d039c5f414254ec97.txt,31,2048,942
train,data/preprocessed_detection/train/images/train_58_png.rf.6bccf796633db2258179de8e25ca5ae0.jpg,data/preprocessed_detection/train/labels/train_58_png.rf.6bccf796633db2258179de8e25ca5ae0.txt,31,2048,930
train,data/preprocessed_detection/train/images/train_58_png.rf.85c4b566e32c7a788814da244411da22.jpg,data/preprocessed_detection/train/labels/train_58_png.rf.85c4b566e32c7a788814da244411da22.txt,31,2048,930
train,data/preprocessed_detection/train/images/train_58_png.rf.9591d7e29cb39883c7b4ef00fdfd4ea3.jpg,data/preprocessed_detection/train/labels/train_58_png.rf.9591d7e29cb39883c7b4ef00fdfd4ea3.txt,31,2048,930
train,data/preprocessed_detection/train/images/train_591_png.rf.3202a95e30829ecb3ed5daaeab486a11.jpg,data/preprocessed_detection/train/labels/train_591_png.rf.3202a95e30829ecb3ed5daaeab486a11.txt,29,2048,930
train,data/preprocessed_detection/train/images/train_591_png.rf.74ae55b39698f0a9d7a62d744b118ba7.jpg,data/preprocessed_detection/train/labels/train_591_png.rf.74ae55b39698f0a9d7a62d744b118ba7.txt,29,2048,930
train,data/preprocessed_detection/train/images/train_591_png.rf.80054941809a86932021401fb0e7b44d.jpg,data/preprocessed_detection/train/labels/train_591_png.rf.80054941809a86932021401fb0e7b44d.txt,29,2048,930
train,data/preprocessed_detection/train/images/train_592_png.rf.50631e107222947516c9348f5ec9220f.jpg,data/preprocessed_detection/train/labels/train_592_png.rf.50631e107222947516c9348f5ec9220f.txt,30,2048,941
train,data/preprocessed_detection/train/images/train_592_png.rf.8638a52f893d5515fee1f83afad74ff8.jpg,data/preprocessed_detection/train/labels/train_592_png.rf.8638a52f893d5515fee1f83afad74ff8.txt,30,2048,941
train,data/preprocessed_detection/train/images/train_592_png.rf.ab4208232f05d58bb014979305aaa1c7.jpg,data/preprocessed_detection/train/labels/train_592_png.rf.ab4208232f05d58bb014979305aaa1c7.txt,30,2048,941
train,data/preprocessed_detection/train/images/train_596_png.rf.149335d87fa7244557d51bbf0013e179.jpg,data/preprocessed_detection/train/labels/train_596_png.rf.149335d87fa7244557d51bbf0013e179.txt,30,2048,1073
train,data/preprocessed_detection/train/images/train_596_png.rf.1d43bac592b8e28871dc83dc2bc86f96.jpg,data/preprocessed_detection/train/labels/train_596_png.rf.1d43bac592b8e28871dc83dc2bc86f96.txt,30,2048,1073
train,data/preprocessed_detection/train/images/train_596_png.rf.a88590db14985b9fff57387a6352041d.jpg,data/preprocessed_detection/train/labels/train_596_png.rf.a88590db14985b9fff57387a6352041d.txt,30,2048,1073
train,data/preprocessed_detection/train/images/train_598_png.rf.1e5677615948fcc567408267e64e2eb3.jpg,data/preprocessed_detection/train/labels/train_598_png.rf.1e5677615948fcc567408267e64e2eb3.txt,27,2047,916
train,data/preprocessed_detection/train/images/train_598_png.rf.9fdd178b596e6b315f50d8b49028c2a9.jpg,data/preprocessed_detection/train/labels/train_598_png.rf.9fdd178b596e6b315f50d8b49028c2a9.txt,27,2047,916
train,data/preprocessed_detection/train/images/train_598_png.rf.cd957259b6e4413f22ce7e441e4cb36c.jpg,data/preprocessed_detection/train/labels/train_598_png.rf.cd957259b6e4413f22ce7e441e4cb36c.txt,27,2047,916
train,data/preprocessed_detection/train/images/train_599_png.rf.0a7aa2dd830212b266aa9cc9e5d58da6.jpg,data/preprocessed_detection/train/labels/train_599_png.rf.0a7aa2dd830212b266aa9cc9e5d58da6.txt,31,2048,897
train,data/preprocessed_detection/train/images/train_599_png.rf.1f06568c4a2e9b5de259fb6dbc90b0f3.jpg,data/preprocessed_detection/train/labels/train_599_png.rf.1f06568c4a2e9b5de259fb6dbc90b0f3.txt,31,2048,897
train,data/preprocessed_detection/train/images/train_599_png.rf.7ba880ad2af2c3489b8dc31e9fb10a06.jpg,data/preprocessed_detection/train/labels/train_599_png.rf.7ba880ad2af2c3489b8dc31e9fb10a06.txt,31,2048,897
train,data/preprocessed_detection/train/images/train_5_png.rf.4ea2db5454f09c63eaf567b615454b4e.jpg,data/preprocessed_detection/train/labels/train_5_png.rf.4ea2db5454f09c63eaf567b615454b4e.txt,29,2048,934
train,data/preprocessed_detection/train/images/train_5_png.rf.73d54b88d653df3199bc8a5ecd3bd8bf.jpg,data/preprocessed_detection/train/labels/train_5_png.rf.73d54b88d653df3199bc8a5ecd3bd8bf.txt,29,2048,934
train,data/preprocessed_detection/train/images/train_5_png.rf.7773cc7656ea9481254c7caf36254871.jpg,data/preprocessed_detection/train/labels/train_5_png.rf.7773cc7656ea9481254c7caf36254871.txt,29,2048,934
train,data/preprocessed_detection/train/images/train_600_png.rf.19f06998fadb4e77d1ead5045a7caba7.jpg,data/preprocessed_detection/train/labels/train_600_png.rf.19f06998fadb4e77d1ead5045a7caba7.txt,27,2048,917
train,data/preprocessed_detection/train/images/train_600_png.rf.64a83e1634435cc1142d80cfbb290cc8.jpg,data/preprocessed_detection/train/labels/train_600_png.rf.64a83e1634435cc1142d80cfbb290cc8.txt,27,2048,917
train,data/preprocessed_detection/train/images/train_600_png.rf.a56fe48a0ea949180b09cf43e6469347.jpg,data/preprocessed_detection/train/labels/train_600_png.rf.a56fe48a0ea949180b09cf43e6469347.txt,27,2048,917
train,data/preprocessed_detection/train/images/train_601_png.rf.10785a4466dd0fb9794a4c2b8f99e185.jpg,data/preprocessed_detection/train/labels/train_601_png.rf.10785a4466dd0fb9794a4c2b8f99e185.txt,32,2048,955
train,data/preprocessed_detection/train/images/train_601_png.rf.372f6a95ed6ba3e52a3c7f2d40a94025.jpg,data/preprocessed_detection/train/labels/train_601_png.rf.372f6a95ed6ba3e52a3c7f2d40a94025.txt,32,2048,955
train,data/preprocessed_detection/train/images/train_601_png.rf.806459ddc946e0813d324b83039e937d.jpg,data/preprocessed_detection/train/labels/train_601_png.rf.806459ddc946e0813d324b83039e937d.txt,32,2048,955
train,data/preprocessed_detection/train/images/train_602_png.rf.96d7ab09bba376829804d7e07a157af7.jpg,data/preprocessed_detection/train/labels/train_602_png.rf.96d7ab09bba376829804d7e07a157af7.txt,31,2048,979
train,data/preprocessed_detection/train/images/train_602_png.rf.b21f5b3d145dc5540cfd296382e0d737.jpg,data/preprocessed_detection/train/labels/train_602_png.rf.b21f5b3d145dc5540cfd296382e0d737.txt,31,2048,979
train,data/preprocessed_detection/train/images/train_602_png.rf.f3212e20cb5e0395d4efd8210d698b40.jpg,data/preprocessed_detection/train/labels/train_602_png.rf.f3212e20cb5e0395d4efd8210d698b40.txt,31,2048,979
train,data/preprocessed_detection/train/images/train_604_png.rf.61d1f008fae7477ac15b259913289cd9.jpg,data/preprocessed_detection/train/labels/train_604_png.rf.61d1f008fae7477ac15b259913289cd9.txt,21,2048,909
train,data/preprocessed_detection/train/images/train_604_png.rf.8b111a0dc250d845ba006305e40fea19.jpg,data/preprocessed_detection/train/labels/train_604_png.rf.8b111a0dc250d845ba006305e40fea19.txt,21,2048,909
train,data/preprocessed_detection/train/images/train_604_png.rf.ff7c0b739a590838b1ef1ca85bf1d893.jpg,data/preprocessed_detection/train/labels/train_604_png.rf.ff7c0b739a590838b1ef1ca85bf1d893.txt,21,2048,909
train,data/preprocessed_detection/train/images/train_607_png.rf.35dd2f3d835be74fb5e7de7f66a07a7f.jpg,data/preprocessed_detection/train/labels/train_607_png.rf.35dd2f3d835be74fb5e7de7f66a07a7f.txt,29,2048,941
train,data/preprocessed_detection/train/images/train_607_png.rf.5091eed9499fa2fe616e17cc04237e53.jpg,data/preprocessed_detection/train/labels/train_607_png.rf.5091eed9499fa2fe616e17cc04237e53.txt,29,2048,941
train,data/preprocessed_detection/train/images/train_607_png.rf.6beea47e42d2cd74d401e32fde11f975.jpg,data/preprocessed_detection/train/labels/train_607_png.rf.6beea47e42d2cd74d401e32fde11f975.txt,29,2048,941
train,data/preprocessed_detection/train/images/train_609_png.rf.656c71308dd35275d66791ddf304717f.jpg,data/preprocessed_detection/train/labels/train_609_png.rf.656c71308dd35275d66791ddf304717f.txt,32,1976,976
train,data/preprocessed_detection/train/images/train_609_png.rf.c47f4f9d869491da87e210c954fbcb80.jpg,data/preprocessed_detection/train/labels/train_609_png.rf.c47f4f9d869491da87e210c954fbcb80.txt,32,1976,976
train,data/preprocessed_detection/train/images/train_609_png.rf.d2b3904fb713cbbe0a029897198dff31.jpg,data/preprocessed_detection/train/labels/train_609_png.rf.d2b3904fb713cbbe0a029897198dff31.txt,32,1976,976
train,data/preprocessed_detection/train/images/train_60_png.rf.058cc8d6aae4daee000ede8932a92ce0.jpg,data/preprocessed_detection/train/labels/train_60_png.rf.058cc8d6aae4daee000ede8932a92ce0.txt,30,2048,960
train,data/preprocessed_detection/train/images/train_60_png.rf.918f3ad2360fcbcc69c2429aab1d22c7.jpg,data/preprocessed_detection/train/labels/train_60_png.rf.918f3ad2360fcbcc69c2429aab1d22c7.txt,30,2048,960
train,data/preprocessed_detection/train/images/train_60_png.rf.f2d7d8f76ad22057365132355b3436d4.jpg,data/preprocessed_detection/train/labels/train_60_png.rf.f2d7d8f76ad22057365132355b3436d4.txt,30,2048,960
train,data/preprocessed_detection/train/images/train_614_png.rf.1c443b3983f487fb18cd06037af0ee8d.jpg,data/preprocessed_detection/train/labels/train_614_png.rf.1c443b3983f487fb18cd06037af0ee8d.txt,14,2048,970
train,data/preprocessed_detection/train/images/train_614_png.rf.b86bdbbcde89f669889129ab1456795d.jpg,data/preprocessed_detection/train/labels/train_614_png.rf.b86bdbbcde89f669889129ab1456795d.txt,14,2048,970
train,data/preprocessed_detection/train/images/train_614_png.rf.e2d426e2bc2dbef2181ecdb039e57f59.jpg,data/preprocessed_detection/train/labels/train_614_png.rf.e2d426e2bc2dbef2181ecdb039e57f59.txt,14,2048,970
train,data/preprocessed_detection/train/images/train_618_png.rf.5411ce4de5d653a7153cd80372aa86e7.jpg,data/preprocessed_detection/train/labels/train_618_png.rf.5411ce4de5d653a7153cd80372aa86e7.txt,31,2048,935
train,data/preprocessed_detection/train/images/train_618_png.rf.6f2318a99ea6f0d239f912934191f911.jpg,data/preprocessed_detection/train/labels/train_618_png.rf.6f2318a99ea6f0d239f912934191f911.txt,31,2048,935
train,data/preprocessed_detection/train/images/train_618_png.rf.ce91e29afedf5550f14ad7d4cdc2dca1.jpg,data/preprocessed_detection/train/labels/train_618_png.rf.ce91e29afedf5550f14ad7d4cdc2dca1.txt,31,2048,935
train,data/preprocessed_detection/train/images/train_61_png.rf.76e6c6747ec53d65ed22c482e874ffbe.jpg,data/preprocessed_detection/train/labels/train_61_png.rf.76e6c6747ec53d65ed22c482e874ffbe.txt,30,1976,976
train,data/preprocessed_detection/train/images/train_61_png.rf.b4e97efaeebfca96c89b2f0e424af1c5.jpg,data/preprocessed_detection/train/labels/train_61_png.rf.b4e97efaeebfca96c89b2f0e424af1c5.txt,30,1976,976
train,data/preprocessed_detection/train/images/train_61_png.rf.e1887f95c8de907a0ede1f4ce944623c.jpg,data/preprocessed_detection/train/labels/train_61_png.rf.e1887f95c8de907a0ede1f4ce944623c.txt,30,1976,976
train,data/preprocessed_detection/train/images/train_622_png.rf.389028c6145c5bcdad55dbed1692b3ba.jpg,data/preprocessed_detection/train/labels/train_622_png.rf.389028c6145c5bcdad55dbed1692b3ba.txt,30,2048,1073
train,data/preprocessed_detection/train/images/train_622_png.rf.6bd98e2c804f2be6a3046b0291cf9d86.jpg,data/preprocessed_detection/train/labels/train_622_png.rf.6bd98e2c804f2be6a3046b0291cf9d86.txt,30,2048,1073
train,data/preprocessed_detection/train/images/train_622_png.rf.ab161061bdb9c684d4eed8f84d5b74ff.jpg,data/preprocessed_detection/train/labels/train_622_png.rf.ab161061bdb9c684d4eed8f84d5b74ff.txt,30,2048,1073
train,data/preprocessed_detection/train/images/train_623_png.rf.645258a110f2505aa9daf3b753af5fff.jpg,data/preprocessed_detection/train/labels/train_623_png.rf.645258a110f2505aa9daf3b753af5fff.txt,32,2048,1073
train,data/preprocessed_detection/train/images/train_623_png.rf.677595089b5e51f78993f727b2d53338.jpg,data/preprocessed_detection/train/labels/train_623_png.rf.677595089b5e51f78993f727b2d53338.txt,32,2048,1073
train,data/preprocessed_detection/train/images/train_623_png.rf.efc2c966e7090d3308f9b13200a2c198.jpg,data/preprocessed_detection/train/labels/train_623_png.rf.efc2c966e7090d3308f9b13200a2c198.txt,32,2048,1073
train,data/preprocessed_detection/train/images/train_624_png.rf.13d841c5aa419747bfb82b297300c8e0.jpg,data/preprocessed_detection/train/labels/train_624_png.rf.13d841c5aa419747bfb82b297300c8e0.txt,31,2048,1073
train,data/preprocessed_detection/train/images/train_624_png.rf.14ec3557bb91ce5496499e6585e37f9d.jpg,data/preprocessed_detection/train/labels/train_624_png.rf.14ec3557bb91ce5496499e6585e37f9d.txt,31,2048,1073
train,data/preprocessed_detection/train/images/train_624_png.rf.9841871448b3028ba4298bb4c281f94b.jpg,data/preprocessed_detection/train/labels/train_624_png.rf.9841871448b3028ba4298bb4c281f94b.txt,31,2048,1073
train,data/preprocessed_detection/train/images/train_626_png.rf.15f05cfe4f8f335775e763728677f60b.jpg,data/preprocessed_detection/train/labels/train_626_png.rf.15f05cfe4f8f335775e763728677f60b.txt,25,2048,959
train,data/preprocessed_detection/train/images/train_626_png.rf.404954dd36c106d8731aaed97027889f.jpg,data/preprocessed_detection/train/labels/train_626_png.rf.404954dd36c106d8731aaed97027889f.txt,25,2048,959
train,data/preprocessed_detection/train/images/train_626_png.rf.789e333cbdd6728a99231e6d3319aaf0.jpg,data/preprocessed_detection/train/labels/train_626_png.rf.789e333cbdd6728a99231e6d3319aaf0.txt,25,2048,959
train,data/preprocessed_detection/train/images/train_627_png.rf.0dc1050c399e825c09257e059ab922b6.jpg,data/preprocessed_detection/train/labels/train_627_png.rf.0dc1050c399e825c09257e059ab922b6.txt,29,2048,931
train,data/preprocessed_detection/train/images/train_627_png.rf.152bdcde748abe6fbc4d91fc14c9f1f8.jpg,data/preprocessed_detection/train/labels/train_627_png.rf.152bdcde748abe6fbc4d91fc14c9f1f8.txt,29,2048,931
train,data/preprocessed_detection/train/images/train_627_png.rf.6ed73a9f6fa6e89d2e27902748f16352.jpg,data/preprocessed_detection/train/labels/train_627_png.rf.6ed73a9f6fa6e89d2e27902748f16352.txt,29,2048,931
train,data/preprocessed_detection/train/images/train_629_png.rf.13ed8f045ed78a79b9e9061e62c9fa5e.jpg,data/preprocessed_detection/train/labels/train_629_png.rf.13ed8f045ed78a79b9e9061e62c9fa5e.txt,32,2048,1072
train,data/preprocessed_detection/train/images/train_629_png.rf.45cd20c955640814f14e748638056de9.jpg,data/preprocessed_detection/train/labels/train_629_png.rf.45cd20c955640814f14e748638056de9.txt,32,2048,1072
train,data/preprocessed_detection/train/images/train_629_png.rf.a994e43e984b90964c18a7c4b41a8bc7.jpg,data/preprocessed_detection/train/labels/train_629_png.rf.a994e43e984b90964c18a7c4b41a8bc7.txt,32,2048,1072
train,data/preprocessed_detection/train/images/train_630_png.rf.7ee4cad569eaa69bdc1b43db74375155.jpg,data/preprocessed_detection/train/labels/train_630_png.rf.7ee4cad569eaa69bdc1b43db74375155.txt,26,2048,932
train,data/preprocessed_detection/train/images/train_630_png.rf.a1e341def99c160e4d5a36373ba98751.jpg,data/preprocessed_detection/train/labels/train_630_png.rf.a1e341def99c160e4d5a36373ba98751.txt,26,2048,932
train,data/preprocessed_detection/train/images/train_630_png.rf.ce9710af27fb2b9497051ae245c0ea6c.jpg,data/preprocessed_detection/train/labels/train_630_png.rf.ce9710af27fb2b9497051ae245c0ea6c.txt,26,2048,932
train,data/preprocessed_detection/train/images/train_631_png.rf.4352a304ea90e20f87b3cb562e02ac84.jpg,data/preprocessed_detection/train/labels/train_631_png.rf.4352a304ea90e20f87b3cb562e02ac84.txt,31,2048,963
train,data/preprocessed_detection/train/images/train_631_png.rf.8bf3036b057dc1f8bbac4629f008d25b.jpg,data/preprocessed_detection/train/labels/train_631_png.rf.8bf3036b057dc1f8bbac4629f008d25b.txt,31,2048,963
train,data/preprocessed_detection/train/images/train_631_png.rf.eefc4306f515c48caab0c1d249c3b917.jpg,data/preprocessed_detection/train/labels/train_631_png.rf.eefc4306f515c48caab0c1d249c3b917.txt,31,2048,963
train,data/preprocessed_detection/train/images/train_632_png.rf.3829251153f5f0ab57ad531f450d1268.jpg,data/preprocessed_detection/train/labels/train_632_png.rf.3829251153f5f0ab57ad531f450d1268.txt,30,2048,930
train,data/preprocessed_detection/train/images/train_632_png.rf.5c8214223a183be7d9531efebe85ace2.jpg,data/preprocessed_detection/train/labels/train_632_png.rf.5c8214223a183be7d9531efebe85ace2.txt,30,2048,930
train,data/preprocessed_detection/train/images/train_632_png.rf.98a73dd76e4528515b94a28674877623.jpg,data/preprocessed_detection/train/labels/train_632_png.rf.98a73dd76e4528515b94a28674877623.txt,30,2048,930
train,data/preprocessed_detection/train/images/train_65_png.rf.87d3279326f3f68c028f177556190877.jpg,data/preprocessed_detection/train/labels/train_65_png.rf.87d3279326f3f68c028f177556190877.txt,28,2047,924
train,data/preprocessed_detection/train/images/train_65_png.rf.8e8eede107992d7cc3287285ede1f0d7.jpg,data/preprocessed_detection/train/labels/train_65_png.rf.8e8eede107992d7cc3287285ede1f0d7.txt,28,2047,924
train,data/preprocessed_detection/train/images/train_65_png.rf.91cd097dadf0c4688964b6555278ef0e.jpg,data/preprocessed_detection/train/labels/train_65_png.rf.91cd097dadf0c4688964b6555278ef0e.txt,28,2047,924
train,data/preprocessed_detection/train/images/train_67_png.rf.0b337c6c04cf8123cd5e070f0c6abc69.jpg,data/preprocessed_detection/train/labels/train_67_png.rf.0b337c6c04cf8123cd5e070f0c6abc69.txt,23,2048,979
train,data/preprocessed_detection/train/images/train_67_png.rf.89be15dbec09f716d95f686bca8ace5f.jpg,data/preprocessed_detection/train/labels/train_67_png.rf.89be15dbec09f716d95f686bca8ace5f.txt,23,2048,979
train,data/preprocessed_detection/train/images/train_67_png.rf.a7ba836419fa3246358aa03a33da1424.jpg,data/preprocessed_detection/train/labels/train_67_png.rf.a7ba836419fa3246358aa03a33da1424.txt,23,2048,979
train,data/preprocessed_detection/train/images/train_68_png.rf.535e24b58f79761a8865eee72b7aa246.jpg,data/preprocessed_detection/train/labels/train_68_png.rf.535e24b58f79761a8865eee72b7aa246.txt,26,2048,903
train,data/preprocessed_detection/train/images/train_68_png.rf.759d9f47601606b79aa354d495a94368.jpg,data/preprocessed_detection/train/labels/train_68_png.rf.759d9f47601606b79aa354d495a94368.txt,26,2048,903
train,data/preprocessed_detection/train/images/train_68_png.rf.d08f583d4913447ebdce6eee741a76dc.jpg,data/preprocessed_detection/train/labels/train_68_png.rf.d08f583d4913447ebdce6eee741a76dc.txt,26,2048,903
train,data/preprocessed_detection/train/images/train_6_png.rf.29e0fb12b60cd160baa616eba72ca06d.jpg,data/preprocessed_detection/train/labels/train_6_png.rf.29e0fb12b60cd160baa616eba72ca06d.txt,22,2048,960
train,data/preprocessed_detection/train/images/train_6_png.rf.44389a80d6815ff7ca4f45e39819407b.jpg,data/preprocessed_detection/train/labels/train_6_png.rf.44389a80d6815ff7ca4f45e39819407b.txt,22,2048,960
train,data/preprocessed_detection/train/images/train_6_png.rf.4a3d4e83667c09d6b612691a76f583e7.jpg,data/preprocessed_detection/train/labels/train_6_png.rf.4a3d4e83667c09d6b612691a76f583e7.txt,22,2048,960
train,data/preprocessed_detection/train/images/train_70_png.rf.472421820b0fe197cba6fc26a9966ab6.jpg,data/preprocessed_detection/train/labels/train_70_png.rf.472421820b0fe197cba6fc26a9966ab6.txt,25,2048,912
train,data/preprocessed_detection/train/images/train_70_png.rf.8239530c068b7690040a1e6df9b94622.jpg,data/preprocessed_detection/train/labels/train_70_png.rf.8239530c068b7690040a1e6df9b94622.txt,25,2048,912
train,data/preprocessed_detection/train/images/train_70_png.rf.9186f5a208f3936d99c61609a16b5900.jpg,data/preprocessed_detection/train/labels/train_70_png.rf.9186f5a208f3936d99c61609a16b5900.txt,25,2048,912
train,data/preprocessed_detection/train/images/train_71_png.rf.025f406ca275df2ae83813a2357441e5.jpg,data/preprocessed_detection/train/labels/train_71_png.rf.025f406ca275df2ae83813a2357441e5.txt,29,2048,908
train,data/preprocessed_detection/train/images/train_71_png.rf.3261c08e519f28a79f5553fa275dd712.jpg,data/preprocessed_detection/train/labels/train_71_png.rf.3261c08e519f28a79f5553fa275dd712.txt,29,2048,908
train,data/preprocessed_detection/train/images/train_71_png.rf.3474a79b8046f6143fb724bdfb333f4b.jpg,data/preprocessed_detection/train/labels/train_71_png.rf.3474a79b8046f6143fb724bdfb333f4b.txt,29,2048,908
train,data/preprocessed_detection/train/images/train_73_png.rf.8d153747465bf340a7a8286c44d97864.jpg,data/preprocessed_detection/train/labels/train_73_png.rf.8d153747465bf340a7a8286c44d97864.txt,23,2047,916
train,data/preprocessed_detection/train/images/train_73_png.rf.9a4e6846863c122841e09ab0d40f161b.jpg,data/preprocessed_detection/train/labels/train_73_png.rf.9a4e6846863c122841e09ab0d40f161b.txt,23,2047,916
train,data/preprocessed_detection/train/images/train_73_png.rf.d5353a9c63ab402647f44de678c19eed.jpg,data/preprocessed_detection/train/labels/train_73_png.rf.d5353a9c63ab402647f44de678c19eed.txt,23,2047,916
train,data/preprocessed_detection/train/images/train_74_png.rf.07e68b519329cf84ce96b1878c4530c9.jpg,data/preprocessed_detection/train/labels/train_74_png.rf.07e68b519329cf84ce96b1878c4530c9.txt,28,2048,934
train,data/preprocessed_detection/train/images/train_74_png.rf.3f207767a8b244f461450e7bd1942847.jpg,data/preprocessed_detection/train/labels/train_74_png.rf.3f207767a8b244f461450e7bd1942847.txt,28,2048,934
train,data/preprocessed_detection/train/images/train_74_png.rf.ad562fbd3a65a9bf42383c7a2b009979.jpg,data/preprocessed_detection/train/labels/train_74_png.rf.ad562fbd3a65a9bf42383c7a2b009979.txt,28,2048,934
train,data/preprocessed_detection/train/images/train_76_png.rf.2f77126b3e025b0a1af11f21cf9dc7d9.jpg,data/preprocessed_detection/train/labels/train_76_png.rf.2f77126b3e025b0a1af11f21cf9dc7d9.txt,32,2047,917
train,data/preprocessed_detection/train/images/train_76_png.rf.82b346126124dd6447fafa3040484670.jpg,data/preprocessed_detection/train/labels/train_76_png.rf.82b346126124dd6447fafa3040484670.txt,32,2047,917
train,data/preprocessed_detection/train/images/train_76_png.rf.f40ace5d75770e1bbb389d85834a18cd.jpg,data/preprocessed_detection/train/labels/train_76_png.rf.f40ace5d75770e1bbb389d85834a18cd.txt,32,2047,917
train,data/preprocessed_detection/train/images/train_77_png.rf.42d42738a4b92b3b5225beebcf7eb626.jpg,data/preprocessed_detection/train/labels/train_77_png.rf.42d42738a4b92b3b5225beebcf7eb626.txt,28,2048,977
train,data/preprocessed_detection/train/images/train_77_png.rf.4c3ab710d5c932ad75b94b26f35ea1b2.jpg,data/preprocessed_detection/train/labels/train_77_png.rf.4c3ab710d5c932ad75b94b26f35ea1b2.txt,28,2048,977
train,data/preprocessed_detection/train/images/train_77_png.rf.e612f72ad22e1c3faf9d2d3c07f1d84a.jpg,data/preprocessed_detection/train/labels/train_77_png.rf.e612f72ad22e1c3faf9d2d3c07f1d84a.txt,28,2048,977
train,data/preprocessed_detection/train/images/train_78_png.rf.16e0dcf6d680e5a3fa3e3991d519ae34.jpg,data/preprocessed_detection/train/labels/train_78_png.rf.16e0dcf6d680e5a3fa3e3991d519ae34.txt,32,2048,935
train,data/preprocessed_detection/train/images/train_78_png.rf.d44a9073376a55266251fdef238b48cd.jpg,data/preprocessed_detection/train/labels/train_78_png.rf.d44a9073376a55266251fdef238b48cd.txt,32,2048,935
train,data/preprocessed_detection/train/images/train_78_png.rf.f6483ba5ce17850039b57d15ff4432eb.jpg,data/preprocessed_detection/train/labels/train_78_png.rf.f6483ba5ce17850039b57d15ff4432eb.txt,32,2048,935
train,data/preprocessed_detection/train/images/train_7_png.rf.023b859651b633ec6b03c9247e4e2b4d.jpg,data/preprocessed_detection/train/labels/train_7_png.rf.023b859651b633ec6b03c9247e4e2b4d.txt,29,2048,941
train,data/preprocessed_detection/train/images/train_7_png.rf.cf4c2208e2011b3e8140923468667c42.jpg,data/preprocessed_detection/train/labels/train_7_png.rf.cf4c2208e2011b3e8140923468667c42.txt,29,2048,941
train,data/preprocessed_detection/train/images/train_7_png.rf.f3ca8aa26548a7ffbfe35646da889ec9.jpg,data/preprocessed_detection/train/labels/train_7_png.rf.f3ca8aa26548a7ffbfe35646da889ec9.txt,29,2048,941
train,data/preprocessed_detection/train/images/train_82_png.rf.1cdf4292534c625fd45d794dea3479ee.jpg,data/preprocessed_detection/train/labels/train_82_png.rf.1cdf4292534c625fd45d794dea3479ee.txt,31,2048,912
train,data/preprocessed_detection/train/images/train_82_png.rf.295883df96c161dcbcece90504216a11.jpg,data/preprocessed_detection/train/labels/train_82_png.rf.295883df96c161dcbcece90504216a11.txt,31,2048,912
train,data/preprocessed_detection/train/images/train_82_png.rf.5b12afaac173766c691a52ae57d0849b.jpg,data/preprocessed_detection/train/labels/train_82_png.rf.5b12afaac173766c691a52ae57d0849b.txt,31,2048,912
train,data/preprocessed_detection/train/images/train_83_png.rf.727dd0405544d51c558bc785dc57a4bf.jpg,data/preprocessed_detection/train/labels/train_83_png.rf.727dd0405544d51c558bc785dc57a4bf.txt,32,2047,916
train,data/preprocessed_detection/train/images/train_83_png.rf.9ffe105d9afcf83cb0c257159d25c3e5.jpg,data/preprocessed_detection/train/labels/train_83_png.rf.9ffe105d9afcf83cb0c257159d25c3e5.txt,32,2047,916
train,data/preprocessed_detection/train/images/train_83_png.rf.bd6b09e5149ada844a7596e236de96ef.jpg,data/preprocessed_detection/train/labels/train_83_png.rf.bd6b09e5149ada844a7596e236de96ef.txt,32,2047,916
train,data/preprocessed_detection/train/images/train_8_png.rf.beb3338d853426f36249ed7e538ad0ea.jpg,data/preprocessed_detection/train/labels/train_8_png.rf.beb3338d853426f36249ed7e538ad0ea.txt,28,2048,1073
train,data/preprocessed_detection/train/images/train_8_png.rf.c80103cf4c2f42f10e1eaa1d03f23ed8.jpg,data/preprocessed_detection/train/labels/train_8_png.rf.c80103cf4c2f42f10e1eaa1d03f23ed8.txt,28,2048,1073
train,data/preprocessed_detection/train/images/train_8_png.rf.f428a0390e18f93434e5ed4c4a43cf2e.jpg,data/preprocessed_detection/train/labels/train_8_png.rf.f428a0390e18f93434e5ed4c4a43cf2e.txt,28,2048,1073
train,data/preprocessed_detection/train/images/train_91_png.rf.8aff97cabb896a20006525c22a3ba19f.jpg,data/preprocessed_detection/train/labels/train_91_png.rf.8aff97cabb896a20006525c22a3ba19f.txt,31,2048,948
train,data/preprocessed_detection/train/images/train_91_png.rf.c3750f85ee1659da7a74c81fe2880409.jpg,data/preprocessed_detection/train/labels/train_91_png.rf.c3750f85ee1659da7a74c81fe2880409.txt,31,2048,948
train,data/preprocessed_detection/train/images/train_91_png.rf.eb84370e4d474eeb3cbad33aa5b38fb5.jpg,data/preprocessed_detection/train/labels/train_91_png.rf.eb84370e4d474eeb3cbad33aa5b38fb5.txt,31,2048,948
train,data/preprocessed_detection/train/images/train_92_png.rf.09d2fbd08a8e34d2b3db33732dd3ceef.jpg,data/preprocessed_detection/train/labels/train_92_png.rf.09d2fbd08a8e34d2b3db33732dd3ceef.txt,26,2048,931
train,data/preprocessed_detection/train/images/train_92_png.rf.697b93e5662cc6576bde243086bc9105.jpg,data/preprocessed_detection/train/labels/train_92_png.rf.697b93e5662cc6576bde243086bc9105.txt,26,2048,931
train,data/preprocessed_detection/train/images/train_92_png.rf.71930764403f771049be890d443af299.jpg,data/preprocessed_detection/train/labels/train_92_png.rf.71930764403f771049be890d443af299.txt,26,2048,931
train,data/preprocessed_detection/train/images/train_93_png.rf.9b1ac9d0c3f09635add1d02eeb78492e.jpg,data/preprocessed_detection/train/labels/train_93_png.rf.9b1ac9d0c3f09635add1d02eeb78492e.txt,30,2048,1073
train,data/preprocessed_detection/train/images/train_93_png.rf.f751c16cd354846f1ac448739a4baaad.jpg,data/preprocessed_detection/train/labels/train_93_png.rf.f751c16cd354846f1ac448739a4baaad.txt,30,2048,1073
train,data/preprocessed_detection/train/images/train_93_png.rf.fb38be92e64c79c498d7463b7a7b4520.jpg,data/preprocessed_detection/train/labels/train_93_png.rf.fb38be92e64c79c498d7463b7a7b4520.txt,30,2048,1073
train,data/preprocessed_detection/train/images/train_94_png.rf.380680d16b8f9eeb937a2d893ad7eca5.jpg,data/preprocessed_detection/train/labels/train_94_png.rf.380680d16b8f9eeb937a2d893ad7eca5.txt,30,2048,947
train,data/preprocessed_detection/train/images/train_94_png.rf.758a5d62d2043de744c814c77ab209a2.jpg,data/preprocessed_detection/train/labels/train_94_png.rf.758a5d62d2043de744c814c77ab209a2.txt,30,2048,947
train,data/preprocessed_detection/train/images/train_94_png.rf.db804227730d96f27f218e2ed50bf285.jpg,data/preprocessed_detection/train/labels/train_94_png.rf.db804227730d96f27f218e2ed50bf285.txt,30,2048,947
train,data/preprocessed_detection/train/images/train_95_png.rf.b13b5e61ce74dfb3008721f43cb0e159.jpg,data/preprocessed_detection/train/labels/train_95_png.rf.b13b5e61ce74dfb3008721f43cb0e159.txt,28,2048,933
train,data/preprocessed_detection/train/images/train_95_png.rf.d50d797e24de2a0c01aaf24d577e690d.jpg,data/preprocessed_detection/train/labels/train_95_png.rf.d50d797e24de2a0c01aaf24d577e690d.txt,28,2048,933
train,data/preprocessed_detection/train/images/train_95_png.rf.f6a80457622772e88122e321a2b16236.jpg,data/preprocessed_detection/train/labels/train_95_png.rf.f6a80457622772e88122e321a2b16236.txt,28,2048,933
train,data/preprocessed_detection/train/images/train_96_png.rf.03f700163bacfdceceb7a623924e4a1a.jpg,data/preprocessed_detection/train/labels/train_96_png.rf.03f700163bacfdceceb7a623924e4a1a.txt,29,2048,1073
train,data/preprocessed_detection/train/images/train_96_png.rf.15403dba78c8087b0f6c1e48d9ff9142.jpg,data/preprocessed_detection/train/labels/train_96_png.rf.15403dba78c8087b0f6c1e48d9ff9142.txt,29,2048,1073
train,data/preprocessed_detection/train/images/train_96_png.rf.f9c9f073bc45edc73fc31c0f1f2523cc.jpg,data/preprocessed_detection/train/labels/train_96_png.rf.f9c9f073bc45edc73fc31c0f1f2523cc.txt,29,2048,1073
train,data/preprocessed_detection/train/images/train_97_png.rf.3422d150e41807682765a0a6b00a5257.jpg,data/preprocessed_detection/train/labels/train_97_png.rf.3422d150e41807682765a0a6b00a5257.txt,25,2048,952
train,data/preprocessed_detection/train/images/train_97_png.rf.490b49e608d9ede4b8b80ea96388a59c.jpg,data/preprocessed_detection/train/labels/train_97_png.rf.490b49e608d9ede4b8b80ea96388a59c.txt,25,2048,952
train,data/preprocessed_detection/train/images/train_97_png.rf.895a0a6b0bd0cd07980bb00b805baaf4.jpg,data/preprocessed_detection/train/labels/train_97_png.rf.895a0a6b0bd0cd07980bb00b805baaf4.txt,25,2048,952
train,data/preprocessed_detection/train/images/train_98_png.rf.6cf002d906388ba29ff5e79e83ae5fda.jpg,data/preprocessed_detection/train/labels/train_98_png.rf.6cf002d906388ba29ff5e79e83ae5fda.txt,32,2048,1073
train,data/preprocessed_detection/train/images/train_98_png.rf.cca3b75a4c375e8b8ce28091cfe27033.jpg,data/preprocessed_detection/train/labels/train_98_png.rf.cca3b75a4c375e8b8ce28091cfe27033.txt,32,2048,1073
train,data/preprocessed_detection/train/images/train_98_png.rf.ee0eed93a02747feb1dee2aac2d7ccc3.jpg,data/preprocessed_detection/train/labels/train_98_png.rf.ee0eed93a02747feb1dee2aac2d7ccc3.txt,32,2048,1073
val,data/preprocessed_detection/val/images/train_0_png.rf.9080e4e13b742c3fd6cc7f2e2cc4abfa.jpg,data/preprocessed_detection/val/labels/train_0_png.rf.9080e4e13b742c3fd6cc7f2e2cc4abfa.txt,30,2048,912
val,data/preprocessed_detection/val/images/train_100_png.rf.6f656392ccd75d9eae13366aeb197121.jpg,data/preprocessed_detection/val/labels/train_100_png.rf.6f656392ccd75d9eae13366aeb197121.txt,31,2048,927
val,data/preprocessed_detection/val/images/train_101_png.rf.54ee0ea365da11c13784d78b9c56ec74.jpg,data/preprocessed_detection/val/labels/train_101_png.rf.54ee0ea365da11c13784d78b9c56ec74.txt,27,2048,926
val,data/preprocessed_detection/val/images/train_104_png.rf.84a896523ff5d27e56245339b186855f.jpg,data/preprocessed_detection/val/labels/train_104_png.rf.84a896523ff5d27e56245339b186855f.txt,32,2048,972
val,data/preprocessed_detection/val/images/train_115_png.rf.e72a1fba644e91512d6dd80aa7c10471.jpg,data/preprocessed_detection/val/labels/train_115_png.rf.e72a1fba644e91512d6dd80aa7c10471.txt,28,2048,959
val,data/preprocessed_detection/val/images/train_118_png.rf.58bccdfdb622a38cfe719f2be8758a3d.jpg,data/preprocessed_detection/val/labels/train_118_png.rf.58bccdfdb622a38cfe719f2be8758a3d.txt,25,2048,952
val,data/preprocessed_detection/val/images/train_125_png.rf.696c7126dcc769f1d17901a92d4519ca.jpg,data/preprocessed_detection/val/labels/train_125_png.rf.696c7126dcc769f1d17901a92d4519ca.txt,32,2048,954
val,data/preprocessed_detection/val/images/train_129_png.rf.ed6bae47a25f4f19d383d02ef8151d88.jpg,data/preprocessed_detection/val/labels/train_129_png.rf.ed6bae47a25f4f19d383d02ef8151d88.txt,26,2048,955
val,data/preprocessed_detection/val/images/train_135_png.rf.2ef0e0bcb99f4e1affa0123b38916e29.jpg,data/preprocessed_detection/val/labels/train_135_png.rf.2ef0e0bcb99f4e1affa0123b38916e29.txt,29,1976,976
val,data/preprocessed_detection/val/images/train_143_png.rf.ab3dd7d128b9a8b1a674c4aee858cfba.jpg,data/preprocessed_detection/val/labels/train_143_png.rf.ab3dd7d128b9a8b1a674c4aee858cfba.txt,28,2048,912
val,data/preprocessed_detection/val/images/train_151_png.rf.275e51e823f83f161bbf8dca925f3a58.jpg,data/preprocessed_detection/val/labels/train_151_png.rf.275e51e823f83f161bbf8dca925f3a58.txt,32,2048,951
val,data/preprocessed_detection/val/images/train_155_png.rf.84872dd3331fc803b3d60fdcedaabf41.jpg,data/preprocessed_detection/val/labels/train_155_png.rf.84872dd3331fc803b3d60fdcedaabf41.txt,22,2048,913
val,data/preprocessed_detection/val/images/train_172_png.rf.68f04371cd3aeec69ce7ee67159af2d9.jpg,data/preprocessed_detection/val/labels/train_172_png.rf.68f04371cd3aeec69ce7ee67159af2d9.txt,29,1976,976
val,data/preprocessed_detection/val/images/train_174_png.rf.a03bf4ff5e734837c3eebc274a83c696.jpg,data/preprocessed_detection/val/labels/train_174_png.rf.a03bf4ff5e734837c3eebc274a83c696.txt,28,2048,930
val,data/preprocessed_detection/val/images/train_190_png.rf.d44a261c6c85070e5b29572f485b2b16.jpg,data/preprocessed_detection/val/labels/train_190_png.rf.d44a261c6c85070e5b29572f485b2b16.txt,28,2048,967
val,data/preprocessed_detection/val/images/train_199_png.rf.5f647a690360d69b522b868b54cf6696.jpg,data/preprocessed_detection/val/labels/train_199_png.rf.5f647a690360d69b522b868b54cf6696.txt,30,2048,908
val,data/preprocessed_detection/val/images/train_216_png.rf.5a93ec6a65279d64bc76735b133af483.jpg,data/preprocessed_detection/val/labels/train_216_png.rf.5a93ec6a65279d64bc76735b133af483.txt,31,2048,974
val,data/preprocessed_detection/val/images/train_218_png.rf.d8e6300bbf4e05554f2eb8e112958a88.jpg,data/preprocessed_detection/val/labels/train_218_png.rf.d8e6300bbf4e05554f2eb8e112958a88.txt,31,2048,954
val,data/preprocessed_detection/val/images/train_219_png.rf.d274f90ce0d7bbc5186555efb0c7a6e3.jpg,data/preprocessed_detection/val/labels/train_219_png.rf.d274f90ce0d7bbc5186555efb0c7a6e3.txt,31,2048,968
val,data/preprocessed_detection/val/images/train_225_png.rf.5b67e086d4e72ce6cb2dc02f333e1c9e.jpg,data/preprocessed_detection/val/labels/train_225_png.rf.5b67e086d4e72ce6cb2dc02f333e1c9e.txt,32,2048,913
val,data/preprocessed_detection/val/images/train_227_png.rf.2d32b4c370faa860be7a3a616dba83fa.jpg,data/preprocessed_detection/val/labels/train_227_png.rf.2d32b4c370faa860be7a3a616dba83fa.txt,26,2048,1073
val,data/preprocessed_detection/val/images/train_243_png.rf.90c5e0c907567af5461fb524201288e7.jpg,data/preprocessed_detection/val/labels/train_243_png.rf.90c5e0c907567af5461fb524201288e7.txt,29,2048,935
val,data/preprocessed_detection/val/images/train_244_png.rf.3cb47c8df845226fbfb8f527fce257b8.jpg,data/preprocessed_detection/val/labels/train_244_png.rf.3cb47c8df845226fbfb8f527fce257b8.txt,29,2048,955
val,data/preprocessed_detection/val/images/train_248_png.rf.7d8ace75223ce2d42cc2493bf5d8ed35.jpg,data/preprocessed_detection/val/labels/train_248_png.rf.7d8ace75223ce2d42cc2493bf5d8ed35.txt,24,2048,934
val,data/preprocessed_detection/val/images/train_252_png.rf.747a63721d36c2ccf788679f58292f5b.jpg,data/preprocessed_detection/val/labels/train_252_png.rf.747a63721d36c2ccf788679f58292f5b.txt,30,2048,960
val,data/preprocessed_detection/val/images/train_259_png.rf.9760b170f8eb4514577741b191c2d9a4.jpg,data/preprocessed_detection/val/labels/train_259_png.rf.9760b170f8eb4514577741b191c2d9a4.txt,28,2048,898
val,data/preprocessed_detection/val/images/train_260_png.rf.4caff77c82448432e2a5a919950423ac.jpg,data/preprocessed_detection/val/labels/train_260_png.rf.4caff77c82448432e2a5a919950423ac.txt,31,2048,987
val,data/preprocessed_detection/val/images/train_267_png.rf.535e56f321017c5f847a3d10917abfc5.jpg,data/preprocessed_detection/val/labels/train_267_png.rf.535e56f321017c5f847a3d10917abfc5.txt,30,2048,924
val,data/preprocessed_detection/val/images/train_268_png.rf.a5190ed15bd34dfdda727aa14d441234.jpg,data/preprocessed_detection/val/labels/train_268_png.rf.a5190ed15bd34dfdda727aa14d441234.txt,30,2048,972
val,data/preprocessed_detection/val/images/train_270_png.rf.e81f76894049111af9b144025157eadd.jpg,data/preprocessed_detection/val/labels/train_270_png.rf.e81f76894049111af9b144025157eadd.txt,30,2048,960
val,data/preprocessed_detection/val/images/train_273_png.rf.5d220fefdd91f3912062ae37dfc10b4d.jpg,data/preprocessed_detection/val/labels/train_273_png.rf.5d220fefdd91f3912062ae37dfc10b4d.txt,26,2048,918
val,data/preprocessed_detection/val/images/train_274_png.rf.195379758fa5d272384bf163c3520892.jpg,data/preprocessed_detection/val/labels/train_274_png.rf.195379758fa5d272384bf163c3520892.txt,26,2048,931
val,data/preprocessed_detection/val/images/train_276_png.rf.7bcec26311695bfac4031a983d6df8fb.jpg,data/preprocessed_detection/val/labels/train_276_png.rf.7bcec26311695bfac4031a983d6df8fb.txt,28,2048,938
val,data/preprocessed_detection/val/images/train_283_png.rf.dd212435e791016fd62e82e014941661.jpg,data/preprocessed_detection/val/labels/train_283_png.rf.dd212435e791016fd62e82e014941661.txt,27,2048,994
val,data/preprocessed_detection/val/images/train_285_png.rf.7b79ef6d49fdfa6baf838f74f4a0b99c.jpg,data/preprocessed_detection/val/labels/train_285_png.rf.7b79ef6d49fdfa6baf838f74f4a0b99c.txt,29,2048,906
val,data/preprocessed_detection/val/images/train_286_png.rf.19b80617b28235d495145864787aba11.jpg,data/preprocessed_detection/val/labels/train_286_png.rf.19b80617b28235d495145864787aba11.txt,21,2048,904
val,data/preprocessed_detection/val/images/train_291_png.rf.8689d43c8d1de7df709a754ab57ef7e9.jpg,data/preprocessed_detection/val/labels/train_291_png.rf.8689d43c8d1de7df709a754ab57ef7e9.txt,32,2048,982
val,data/preprocessed_detection/val/images/train_293_png.rf.a8a1b6c074494d825e78c98f32bb3e7e.jpg,data/preprocessed_detection/val/labels/train_293_png.rf.a8a1b6c074494d825e78c98f32bb3e7e.txt,27,2048,907
val,data/preprocessed_detection/val/images/train_306_png.rf.5b89c36f88828c7db6d264627b4f3e61.jpg,data/preprocessed_detection/val/labels/train_306_png.rf.5b89c36f88828c7db6d264627b4f3e61.txt,27,2047,914
val,data/preprocessed_detection/val/images/train_313_png.rf.f24e663161eecbaf24e1e0daab63156e.jpg,data/preprocessed_detection/val/labels/train_313_png.rf.f24e663161eecbaf24e1e0daab63156e.txt,28,2048,1073
val,data/preprocessed_detection/val/images/train_321_png.rf.14f0ef381bee4077a1ee2439cb3d68e0.jpg,data/preprocessed_detection/val/labels/train_321_png.rf.14f0ef381bee4077a1ee2439cb3d68e0.txt,23,2048,930
val,data/preprocessed_detection/val/images/train_322_png.rf.3320353543f450849f6707e97e603680.jpg,data/preprocessed_detection/val/labels/train_322_png.rf.3320353543f450849f6707e97e603680.txt,30,1976,976
val,data/preprocessed_detection/val/images/train_345_png.rf.c6764d0ae2e1f3a6f49e37f0a992f0b0.jpg,data/preprocessed_detection/val/labels/train_345_png.rf.c6764d0ae2e1f3a6f49e37f0a992f0b0.txt,32,2048,984
val,data/preprocessed_detection/val/images/train_34_png.rf.00a4b1329c755ab3a356a25e086976eb.jpg,data/preprocessed_detection/val/labels/train_34_png.rf.00a4b1329c755ab3a356a25e086976eb.txt,31,1976,976
val,data/preprocessed_detection/val/images/train_350_png.rf.e1cfd5b280a01f77dc824dcbcd3820ff.jpg,data/preprocessed_detection/val/labels/train_350_png.rf.e1cfd5b280a01f77dc824dcbcd3820ff.txt,31,2048,952
val,data/preprocessed_detection/val/images/train_358_png.rf.cac840427d1f1fd6e10440d68f963f04.jpg,data/preprocessed_detection/val/labels/train_358_png.rf.cac840427d1f1fd6e10440d68f963f04.txt,26,2048,945
val,data/preprocessed_detection/val/images/train_362_png.rf.bf04bdf813788e58e548b458e1285f6f.jpg,data/preprocessed_detection/val/labels/train_362_png.rf.bf04bdf813788e58e548b458e1285f6f.txt,30,2048,920
val,data/preprocessed_detection/val/images/train_363_png.rf.44690050a8a66fc018b02712a64bea88.jpg,data/preprocessed_detection/val/labels/train_363_png.rf.44690050a8a66fc018b02712a64bea88.txt,30,2048,1073
val,data/preprocessed_detection/val/images/train_37_png.rf.7f0d9e68d9d97ed088af03b4eb875755.jpg,data/preprocessed_detection/val/labels/train_37_png.rf.7f0d9e68d9d97ed088af03b4eb875755.txt,30,2048,1073
val,data/preprocessed_detection/val/images/train_384_png.rf.c40fe2f05f9ee37c5f3426d688176414.jpg,data/preprocessed_detection/val/labels/train_384_png.rf.c40fe2f05f9ee37c5f3426d688176414.txt,28,1976,976
val,data/preprocessed_detection/val/images/train_387_png.rf.49e6567d9dd15b0bebef24680d86854e.jpg,data/preprocessed_detection/val/labels/train_387_png.rf.49e6567d9dd15b0bebef24680d86854e.txt,30,2048,953
val,data/preprocessed_detection/val/images/train_391_png.rf.a7bde3c81fc0e9ddb9b9d2a646848caa.jpg,data/preprocessed_detection/val/labels/train_391_png.rf.a7bde3c81fc0e9ddb9b9d2a646848caa.txt,32,1976,976
val,data/preprocessed_detection/val/images/train_394_png.rf.f87c12e960950e04a79ae7888f00f4b7.jpg,data/preprocessed_detection/val/labels/train_394_png.rf.f87c12e960950e04a79ae7888f00f4b7.txt,32,2047,914
val,data/preprocessed_detection/val/images/train_398_png.rf.a4b9c42cc011a4edc0a6941f56136e48.jpg,data/preprocessed_detection/val/labels/train_398_png.rf.a4b9c42cc011a4edc0a6941f56136e48.txt,31,2048,959
val,data/preprocessed_detection/val/images/train_401_png.rf.0066754d4ad27e2f3e4bcfb7d316463a.jpg,data/preprocessed_detection/val/labels/train_401_png.rf.0066754d4ad27e2f3e4bcfb7d316463a.txt,30,2048,950
val,data/preprocessed_detection/val/images/train_402_png.rf.abaed894439bc289203c03a5896e5094.jpg,data/preprocessed_detection/val/labels/train_402_png.rf.abaed894439bc289203c03a5896e5094.txt,32,2048,904
val,data/preprocessed_detection/val/images/train_403_png.rf.d55fd1c3c914505a0bf494858e776299.jpg,data/preprocessed_detection/val/labels/train_403_png.rf.d55fd1c3c914505a0bf494858e776299.txt,31,1976,976
val,data/preprocessed_detection/val/images/train_404_png.rf.40b765a36681cf9959bd8293da52f535.jpg,data/preprocessed_detection/val/labels/train_404_png.rf.40b765a36681cf9959bd8293da52f535.txt,26,2048,907
val,data/preprocessed_detection/val/images/train_407_png.rf.47ae1cb5e3e3694c03f3f1f6306a4761.jpg,data/preprocessed_detection/val/labels/train_407_png.rf.47ae1cb5e3e3694c03f3f1f6306a4761.txt,23,2048,949
val,data/preprocessed_detection/val/images/train_415_png.rf.94c85e84ba6e869f0fff819f22513d7f.jpg,data/preprocessed_detection/val/labels/train_415_png.rf.94c85e84ba6e869f0fff819f22513d7f.txt,27,2048,918
val,data/preprocessed_detection/val/images/train_41_png.rf.ad57504b0a8c300cc53990acb7c38e42.jpg,data/preprocessed_detection/val/labels/train_41_png.rf.ad57504b0a8c300cc53990acb7c38e42.txt,28,2048,897
val,data/preprocessed_detection/val/images/train_421_png.rf.6283cdeed80ae9626b490c88bbc92f4f.jpg,data/preprocessed_detection/val/labels/train_421_png.rf.6283cdeed80ae9626b490c88bbc92f4f.txt,26,2048,940
val,data/preprocessed_detection/val/images/train_426_png.rf.dda68575cf51c32e9517b18579ebb1ba.jpg,data/preprocessed_detection/val/labels/train_426_png.rf.dda68575cf51c32e9517b18579ebb1ba.txt,30,2048,950
val,data/preprocessed_detection/val/images/train_42_png.rf.38087e558f56c95323da447be6af57c9.jpg,data/preprocessed_detection/val/labels/train_42_png.rf.38087e558f56c95323da447be6af57c9.txt,20,2048,913
val,data/preprocessed_detection/val/images/train_433_png.rf.ee870fa689a12e44907fb520ec2580a9.jpg,data/preprocessed_detection/val/labels/train_433_png.rf.ee870fa689a12e44907fb520ec2580a9.txt,30,2048,912
val,data/preprocessed_detection/val/images/train_434_png.rf.dbb41af96a99ed9174c535ae46b9152b.jpg,data/preprocessed_detection/val/labels/train_434_png.rf.dbb41af96a99ed9174c535ae46b9152b.txt,28,2048,928
val,data/preprocessed_detection/val/images/train_438_png.rf.f910b382fe58228068c2ac9c31cff4cf.jpg,data/preprocessed_detection/val/labels/train_438_png.rf.f910b382fe58228068c2ac9c31cff4cf.txt,32,2048,955
val,data/preprocessed_detection/val/images/train_439_png.rf.2df20068479dbf22b859f578bd5ff82d.jpg,data/preprocessed_detection/val/labels/train_439_png.rf.2df20068479dbf22b859f578bd5ff82d.txt,25,2048,947
val,data/preprocessed_detection/val/images/train_443_png.rf.2cad35337d7cdd92e39d4f1cba8e62cd.jpg,data/preprocessed_detection/val/labels/train_443_png.rf.2cad35337d7cdd92e39d4f1cba8e62cd.txt,21,2048,935
val,data/preprocessed_detection/val/images/train_445_png.rf.999854b388116e61f3cb5e53073024b0.jpg,data/preprocessed_detection/val/labels/train_445_png.rf.999854b388116e61f3cb5e53073024b0.txt,31,2048,944
val,data/preprocessed_detection/val/images/train_449_png.rf.ee0676b9bbf1277fa538b6366cb91907.jpg,data/preprocessed_detection/val/labels/train_449_png.rf.ee0676b9bbf1277fa538b6366cb91907.txt,29,2048,949
val,data/preprocessed_detection/val/images/train_450_png.rf.6a76d4ca4636b24c276cf299b6bb2c5f.jpg,data/preprocessed_detection/val/labels/train_450_png.rf.6a76d4ca4636b24c276cf299b6bb2c5f.txt,30,1976,976
val,data/preprocessed_detection/val/images/train_454_png.rf.bf72d7e83442c1c4991ddfa1c1b932c5.jpg,data/preprocessed_detection/val/labels/train_454_png.rf.bf72d7e83442c1c4991ddfa1c1b932c5.txt,29,1976,976
val,data/preprocessed_detection/val/images/train_460_png.rf.07ae9f818d3781535adef8d0de176108.jpg,data/preprocessed_detection/val/labels/train_460_png.rf.07ae9f818d3781535adef8d0de176108.txt,30,2048,930
val,data/preprocessed_detection/val/images/train_466_png.rf.390ee0fbf00ff5e4ae2910b55bbae16f.jpg,data/preprocessed_detection/val/labels/train_466_png.rf.390ee0fbf00ff5e4ae2910b55bbae16f.txt,34,2048,1013
val,data/preprocessed_detection/val/images/train_468_png.rf.164be6a714fa8690e0c30d2e4aa1d921.jpg,data/preprocessed_detection/val/labels/train_468_png.rf.164be6a714fa8690e0c30d2e4aa1d921.txt,31,2048,1073
val,data/preprocessed_detection/val/images/train_475_png.rf.e7e34c1459c7e5d55d70b08e73898d1e.jpg,data/preprocessed_detection/val/labels/train_475_png.rf.e7e34c1459c7e5d55d70b08e73898d1e.txt,26,2048,908
val,data/preprocessed_detection/val/images/train_477_png.rf.1d99a664140c7f81878a70207eb08e1d.jpg,data/preprocessed_detection/val/labels/train_477_png.rf.1d99a664140c7f81878a70207eb08e1d.txt,29,2048,963
val,data/preprocessed_detection/val/images/train_478_png.rf.d26579a0ad5a80a6c8f79f2ae7b31f22.jpg,data/preprocessed_detection/val/labels/train_478_png.rf.d26579a0ad5a80a6c8f79f2ae7b31f22.txt,29,2048,938
val,data/preprocessed_detection/val/images/train_479_png.rf.6b251fa6a816674043e0943f128b15e6.jpg,data/preprocessed_detection/val/labels/train_479_png.rf.6b251fa6a816674043e0943f128b15e6.txt,29,2048,938
val,data/preprocessed_detection/val/images/train_484_png.rf.7a8b0638f0e98752a5a74c5c5f856edc.jpg,data/preprocessed_detection/val/labels/train_484_png.rf.7a8b0638f0e98752a5a74c5c5f856edc.txt,32,2048,967
val,data/preprocessed_detection/val/images/train_489_png.rf.63738e33dbb2b6703fc7094a018fcbac.jpg,data/preprocessed_detection/val/labels/train_489_png.rf.63738e33dbb2b6703fc7094a018fcbac.txt,25,2047,986
val,data/preprocessed_detection/val/images/train_505_png.rf.aac60d4d387386db0887465997fb85db.jpg,data/preprocessed_detection/val/labels/train_505_png.rf.aac60d4d387386db0887465997fb85db.txt,20,2048,959
val,data/preprocessed_detection/val/images/train_507_png.rf.cfe9364ef118b4424a970d84bbe65c64.jpg,data/preprocessed_detection/val/labels/train_507_png.rf.cfe9364ef118b4424a970d84bbe65c64.txt,30,2048,1073
val,data/preprocessed_detection/val/images/train_508_png.rf.b3efd7202f7d83772dc2962007ca1e93.jpg,data/preprocessed_detection/val/labels/train_508_png.rf.b3efd7202f7d83772dc2962007ca1e93.txt,24,2048,925
val,data/preprocessed_detection/val/images/train_509_png.rf.ca75e346dfa15d717cab8284e8d0e74a.jpg,data/preprocessed_detection/val/labels/train_509_png.rf.ca75e346dfa15d717cab8284e8d0e74a.txt,30,2047,962
val,data/preprocessed_detection/val/images/train_50_png.rf.b7f2b989bc8094a44b72eebe881ef39d.jpg,data/preprocessed_detection/val/labels/train_50_png.rf.b7f2b989bc8094a44b72eebe881ef39d.txt,26,2048,955
val,data/preprocessed_detection/val/images/train_512_png.rf.5daeb4bd32a123f84a733f70842c0e98.jpg,data/preprocessed_detection/val/labels/train_512_png.rf.5daeb4bd32a123f84a733f70842c0e98.txt,27,2048,958
val,data/preprocessed_detection/val/images/train_514_png.rf.5c2adc579176506d46af9c5398c2aad6.jpg,data/preprocessed_detection/val/labels/train_514_png.rf.5c2adc579176506d46af9c5398c2aad6.txt,30,2048,923
val,data/preprocessed_detection/val/images/train_516_png.rf.7cfb58bb2aeb9fcfdef64fa2ed69de8e.jpg,data/preprocessed_detection/val/labels/train_516_png.rf.7cfb58bb2aeb9fcfdef64fa2ed69de8e.txt,28,1976,976
val,data/preprocessed_detection/val/images/train_517_png.rf.9b18af88a2684d7e32317b219f0c7cb9.jpg,data/preprocessed_detection/val/labels/train_517_png.rf.9b18af88a2684d7e32317b219f0c7cb9.txt,32,2048,919
val,data/preprocessed_detection/val/images/train_519_png.rf.f91208aed46452195a576af4783e53de.jpg,data/preprocessed_detection/val/labels/train_519_png.rf.f91208aed46452195a576af4783e53de.txt,26,2048,1073
val,data/preprocessed_detection/val/images/train_521_png.rf.db48921cb37a7a91c125a5bc1424ecae.jpg,data/preprocessed_detection/val/labels/train_521_png.rf.db48921cb37a7a91c125a5bc1424ecae.txt,29,2048,920
val,data/preprocessed_detection/val/images/train_523_png.rf.d53fb39a75821ab4dc94885f7d04f85e.jpg,data/preprocessed_detection/val/labels/train_523_png.rf.d53fb39a75821ab4dc94885f7d04f85e.txt,22,2048,938
val,data/preprocessed_detection/val/images/train_524_png.rf.210fd9958bc5673bc8ea69e92a9403e7.jpg,data/preprocessed_detection/val/labels/train_524_png.rf.210fd9958bc5673bc8ea69e92a9403e7.txt,30,2047,917
val,data/preprocessed_detection/val/images/train_529_png.rf.d872b5cd0b89814f5a9784b421547fe3.jpg,data/preprocessed_detection/val/labels/train_529_png.rf.d872b5cd0b89814f5a9784b421547fe3.txt,31,2048,961
val,data/preprocessed_detection/val/images/train_536_png.rf.165776c751aa3fe17070533835588b97.jpg,data/preprocessed_detection/val/labels/train_536_png.rf.165776c751aa3fe17070533835588b97.txt,23,2048,1073
val,data/preprocessed_detection/val/images/train_539_png.rf.34ec0f0f31e2c6866aa01f8930c525ec.jpg,data/preprocessed_detection/val/labels/train_539_png.rf.34ec0f0f31e2c6866aa01f8930c525ec.txt,30,2047,945
val,data/preprocessed_detection/val/images/train_53_png.rf.f44075927c88a7591e30e01ab25f0ace.jpg,data/preprocessed_detection/val/labels/train_53_png.rf.f44075927c88a7591e30e01ab25f0ace.txt,29,2048,949
val,data/preprocessed_detection/val/images/train_546_png.rf.198127fde475a2e6f3f1835b77ce5a8a.jpg,data/preprocessed_detection/val/labels/train_546_png.rf.198127fde475a2e6f3f1835b77ce5a8a.txt,32,2047,916
val,data/preprocessed_detection/val/images/train_551_png.rf.474598074c284f5f97d9438b7be04bbb.jpg,data/preprocessed_detection/val/labels/train_551_png.rf.474598074c284f5f97d9438b7be04bbb.txt,18,2048,935
val,data/preprocessed_detection/val/images/train_553_png.rf.7a2840d60b903990dbb5ebc4d54f9219.jpg,data/preprocessed_detection/val/labels/train_553_png.rf.7a2840d60b903990dbb5ebc4d54f9219.txt,32,1976,976
val,data/preprocessed_detection/val/images/train_554_png.rf.aa65fb46bdb962b4ce097ff0023d881d.jpg,data/preprocessed_detection/val/labels/train_554_png.rf.aa65fb46bdb962b4ce097ff0023d881d.txt,31,1976,976
val,data/preprocessed_detection/val/images/train_559_png.rf.8486821b6a328d94fc57c0cc2a35f189.jpg,data/preprocessed_detection/val/labels/train_559_png.rf.8486821b6a328d94fc57c0cc2a35f189.txt,30,2048,938
val,data/preprocessed_detection/val/images/train_55_png.rf.e6e069149f6bd5bc3ba578ac7cb36f69.jpg,data/preprocessed_detection/val/labels/train_55_png.rf.e6e069149f6bd5bc3ba578ac7cb36f69.txt,29,1976,976
val,data/preprocessed_detection/val/images/train_570_png.rf.f2d522369896b4e87555def8dd764e4a.jpg,data/preprocessed_detection/val/labels/train_570_png.rf.f2d522369896b4e87555def8dd764e4a.txt,30,2048,959
val,data/preprocessed_detection/val/images/train_576_png.rf.5acf3552cb333c06b60d0ac2e1fb0888.jpg,data/preprocessed_detection/val/labels/train_576_png.rf.5acf3552cb333c06b60d0ac2e1fb0888.txt,28,2048,1073
val,data/preprocessed_detection/val/images/train_583_png.rf.9a44ae4585bdaa59b54485a05a47280a.jpg,data/preprocessed_detection/val/labels/train_583_png.rf.9a44ae4585bdaa59b54485a05a47280a.txt,32,2048,1073
val,data/preprocessed_detection/val/images/train_593_png.rf.2c9b9c446814032f81f9d668a6f89be8.jpg,data/preprocessed_detection/val/labels/train_593_png.rf.2c9b9c446814032f81f9d668a6f89be8.txt,29,2048,951
val,data/preprocessed_detection/val/images/train_594_png.rf.0486279ea069e3b45a262645122ba27a.jpg,data/preprocessed_detection/val/labels/train_594_png.rf.0486279ea069e3b45a262645122ba27a.txt,29,2048,901
val,data/preprocessed_detection/val/images/train_597_png.rf.b0a76a890a685659017132b2e9075abc.jpg,data/preprocessed_detection/val/labels/train_597_png.rf.b0a76a890a685659017132b2e9075abc.txt,30,2048,911
val,data/preprocessed_detection/val/images/train_603_png.rf.d3747d92e9825c1324e0b3473363fb00.jpg,data/preprocessed_detection/val/labels/train_603_png.rf.d3747d92e9825c1324e0b3473363fb00.txt,30,2048,940
val,data/preprocessed_detection/val/images/train_605_png.rf.cdbea948eca0f873f97d3b67b461977e.jpg,data/preprocessed_detection/val/labels/train_605_png.rf.cdbea948eca0f873f97d3b67b461977e.txt,32,2048,911
val,data/preprocessed_detection/val/images/train_608_png.rf.d1b07ce19a028dd86740d0d7f2ce102a.jpg,data/preprocessed_detection/val/labels/train_608_png.rf.d1b07ce19a028dd86740d0d7f2ce102a.txt,24,2048,904
val,data/preprocessed_detection/val/images/train_616_png.rf.639201e45668742c18fa89390339a15b.jpg,data/preprocessed_detection/val/labels/train_616_png.rf.639201e45668742c18fa89390339a15b.txt,30,2048,908
val,data/preprocessed_detection/val/images/train_617_png.rf.16cdabd960371611757a322a5f7fc9f0.jpg,data/preprocessed_detection/val/labels/train_617_png.rf.16cdabd960371611757a322a5f7fc9f0.txt,32,2048,923
val,data/preprocessed_detection/val/images/train_621_png.rf.6cd0012c1e44a035c794f2e37b32ac8c.jpg,data/preprocessed_detection/val/labels/train_621_png.rf.6cd0012c1e44a035c794f2e37b32ac8c.txt,29,1976,976
val,data/preprocessed_detection/val/images/train_66_png.rf.b31009bd88bf499c0a80bb5927cddee6.jpg,data/preprocessed_detection/val/labels/train_66_png.rf.b31009bd88bf499c0a80bb5927cddee6.txt,25,2048,947
val,data/preprocessed_detection/val/images/train_69_png.rf.85125b9e041fc39d9568839af5b48404.jpg,data/preprocessed_detection/val/labels/train_69_png.rf.85125b9e041fc39d9568839af5b48404.txt,29,2047,970
val,data/preprocessed_detection/val/images/train_80_png.rf.8e39b93409817c30b2c4b731e862b477.jpg,data/preprocessed_detection/val/labels/train_80_png.rf.8e39b93409817c30b2c4b731e862b477.txt,32,2048,904
val,data/preprocessed_detection/val/images/train_81_png.rf.1a5abda3ac7e6e2adb7db3d353146299.jpg,data/preprocessed_detection/val/labels/train_81_png.rf.1a5abda3ac7e6e2adb7db3d353146299.txt,31,2048,967
val,data/preprocessed_detection/val/images/train_86_png.rf.df3fc25e10f3bfe0b0f07c464f2b8bbe.jpg,data/preprocessed_detection/val/labels/train_86_png.rf.df3fc25e10f3bfe0b0f07c464f2b8bbe.txt,31,2048,939
val,data/preprocessed_detection/val/images/train_87_png.rf.2b1c03612f3dbf65748c822b4041b073.jpg,data/preprocessed_detection/val/labels/train_87_png.rf.2b1c03612f3dbf65748c822b4041b073.txt,27,2048,901
val,data/preprocessed_detection/val/images/train_9_png.rf.a5afb252f2f0ce758b6566b2acb28f2a.jpg,data/preprocessed_detection/val/labels/train_9_png.rf.a5afb252f2f0ce758b6566b2acb28f2a.txt,32,2048,952
test,data/preprocessed_detection/test/images/train_103_png.rf.89264cfc60b833c5b5b2b676764ab496.jpg,data/preprocessed_detection/test/labels/train_103_png.rf.89264cfc60b833c5b5b2b676764ab496.txt,30,2048,908
test,data/preprocessed_detection/test/images/train_116_png.rf.3ba948de7acae0c7a512edfa681229d0.jpg,data/preprocessed_detection/test/labels/train_116_png.rf.3ba948de7acae0c7a512edfa681229d0.txt,31,2048,931
test,data/preprocessed_detection/test/images/train_11_png.rf.3987d8b2876243158e44a291d406f02c.jpg,data/preprocessed_detection/test/labels/train_11_png.rf.3987d8b2876243158e44a291d406f02c.txt,32,2048,955
test,data/preprocessed_detection/test/images/train_120_png.rf.f143df5a2a00b475457053b2f211af61.jpg,data/preprocessed_detection/test/labels/train_120_png.rf.f143df5a2a00b475457053b2f211af61.txt,32,2048,908
test,data/preprocessed_detection/test/images/train_122_png.rf.4ca785c00a6d3e5caf6b968e357c4b95.jpg,data/preprocessed_detection/test/labels/train_122_png.rf.4ca785c00a6d3e5caf6b968e357c4b95.txt,29,2048,919
test,data/preprocessed_detection/test/images/train_138_png.rf.6744f947a2908196ea4502e9c4ff6456.jpg,data/preprocessed_detection/test/labels/train_138_png.rf.6744f947a2908196ea4502e9c4ff6456.txt,19,2048,925
test,data/preprocessed_detection/test/images/train_146_png.rf.fe6b41fd2552b60f461ed1487fcf48b3.jpg,data/preprocessed_detection/test/labels/train_146_png.rf.fe6b41fd2552b60f461ed1487fcf48b3.txt,30,2048,903
test,data/preprocessed_detection/test/images/train_149_png.rf.898b3f9405d303459c386365188f7d98.jpg,data/preprocessed_detection/test/labels/train_149_png.rf.898b3f9405d303459c386365188f7d98.txt,24,2048,921
test,data/preprocessed_detection/test/images/train_14_png.rf.f56ba389cf16b7142ec84c5b71fc3775.jpg,data/preprocessed_detection/test/labels/train_14_png.rf.f56ba389cf16b7142ec84c5b71fc3775.txt,25,2048,948
test,data/preprocessed_detection/test/images/train_152_png.rf.652eb8c826bfe13bd6de66b7ef3c443b.jpg,data/preprocessed_detection/test/labels/train_152_png.rf.652eb8c826bfe13bd6de66b7ef3c443b.txt,29,2048,919
test,data/preprocessed_detection/test/images/train_153_png.rf.07cc85096774ef7a0ebb17c05d251881.jpg,data/preprocessed_detection/test/labels/train_153_png.rf.07cc85096774ef7a0ebb17c05d251881.txt,32,1976,976
test,data/preprocessed_detection/test/images/train_156_png.rf.7f6d33e5f688db35ea621a9f7f2931d5.jpg,data/preprocessed_detection/test/labels/train_156_png.rf.7f6d33e5f688db35ea621a9f7f2931d5.txt,27,2048,901
test,data/preprocessed_detection/test/images/train_166_png.rf.522d6a17ac508110cb8f1994fc08cd1f.jpg,data/preprocessed_detection/test/labels/train_166_png.rf.522d6a17ac508110cb8f1994fc08cd1f.txt,31,2048,954
test,data/preprocessed_detection/test/images/train_178_png.rf.da76aab0bad8482c6be91b8cadfb24d0.jpg,data/preprocessed_detection/test/labels/train_178_png.rf.da76aab0bad8482c6be91b8cadfb24d0.txt,29,2048,913
test,data/preprocessed_detection/test/images/train_180_png.rf.ad1eafb84656ab25cda253527efa27a2.jpg,data/preprocessed_detection/test/labels/train_180_png.rf.ad1eafb84656ab25cda253527efa27a2.txt,32,2048,919
test,data/preprocessed_detection/test/images/train_183_png.rf.f9a207ab74e4ba9906f2ddeba8163a15.jpg,data/preprocessed_detection/test/labels/train_183_png.rf.f9a207ab74e4ba9906f2ddeba8163a15.txt,25,2048,973
test,data/preprocessed_detection/test/images/train_185_png.rf.d915708faed93528fbf1007c626a8540.jpg,data/preprocessed_detection/test/labels/train_185_png.rf.d915708faed93528fbf1007c626a8540.txt,32,2048,926
test,data/preprocessed_detection/test/images/train_186_png.rf.dea2bf1a123ee52dc862a793e47208a7.jpg,data/preprocessed_detection/test/labels/train_186_png.rf.dea2bf1a123ee52dc862a793e47208a7.txt,30,2047,940
test,data/preprocessed_detection/test/images/train_194_png.rf.64481684bb82d4fb2d4253d5b5bf926e.jpg,data/preprocessed_detection/test/labels/train_194_png.rf.64481684bb82d4fb2d4253d5b5bf926e.txt,30,2048,1073
test,data/preprocessed_detection/test/images/train_200_png.rf.84e1eeac3daeddf210e27e387c6dafb0.jpg,data/preprocessed_detection/test/labels/train_200_png.rf.84e1eeac3daeddf210e27e387c6dafb0.txt,29,2048,1073
test,data/preprocessed_detection/test/images/train_201_png.rf.c7c8268803f618c63d9b833e38f86375.jpg,data/preprocessed_detection/test/labels/train_201_png.rf.c7c8268803f618c63d9b833e38f86375.txt,31,2048,1073
test,data/preprocessed_detection/test/images/train_206_png.rf.e1239bcb34e83007c9f55333b2e33fec.jpg,data/preprocessed_detection/test/labels/train_206_png.rf.e1239bcb34e83007c9f55333b2e33fec.txt,24,1976,976
test,data/preprocessed_detection/test/images/train_208_png.rf.64dee68581ec853ed1244e90123075a3.jpg,data/preprocessed_detection/test/labels/train_208_png.rf.64dee68581ec853ed1244e90123075a3.txt,22,2048,922
test,data/preprocessed_detection/test/images/train_210_png.rf.f105737e9724b582cfecb75079ebc908.jpg,data/preprocessed_detection/test/labels/train_210_png.rf.f105737e9724b582cfecb75079ebc908.txt,29,2048,913
test,data/preprocessed_detection/test/images/train_212_png.rf.c0a46a8ebf08de63ef1151c028017569.jpg,data/preprocessed_detection/test/labels/train_212_png.rf.c0a46a8ebf08de63ef1151c028017569.txt,27,2048,925
test,data/preprocessed_detection/test/images/train_213_png.rf.2c00a52ed21c18329a64fa593d09a664.jpg,data/preprocessed_detection/test/labels/train_213_png.rf.2c00a52ed21c18329a64fa593d09a664.txt,28,1976,976
test,data/preprocessed_detection/test/images/train_215_png.rf.0ecdf8ada60f3b9e9df9afb92f8d11bf.jpg,data/preprocessed_detection/test/labels/train_215_png.rf.0ecdf8ada60f3b9e9df9afb92f8d11bf.txt,26,2048,928
test,data/preprocessed_detection/test/images/train_220_png.rf.1272d13986db668141d111fc16c5c5dd.jpg,data/preprocessed_detection/test/labels/train_220_png.rf.1272d13986db668141d111fc16c5c5dd.txt,26,2048,952
test,data/preprocessed_detection/test/images/train_223_png.rf.04489de5ea604b3e7203cfb35f7b0c18.jpg,data/preprocessed_detection/test/labels/train_223_png.rf.04489de5ea604b3e7203cfb35f7b0c18.txt,21,2048,925
test,data/preprocessed_detection/test/images/train_233_png.rf.7947ff1b79c753c25f33162beeb5e0ed.jpg,data/preprocessed_detection/test/labels/train_233_png.rf.7947ff1b79c753c25f33162beeb5e0ed.txt,29,2048,923
test,data/preprocessed_detection/test/images/train_234_png.rf.59489e75e8a7e4b1bb12cc888f4f8a53.jpg,data/preprocessed_detection/test/labels/train_234_png.rf.59489e75e8a7e4b1bb12cc888f4f8a53.txt,32,1976,976
test,data/preprocessed_detection/test/images/train_23_png.rf.4d4ace259783bf098134c645ad664b13.jpg,data/preprocessed_detection/test/labels/train_23_png.rf.4d4ace259783bf098134c645ad664b13.txt,27,2048,932
test,data/preprocessed_detection/test/images/train_241_png.rf.11b0a47ed2c638a94c45ea8df8f8aa89.jpg,data/preprocessed_detection/test/labels/train_241_png.rf.11b0a47ed2c638a94c45ea8df8f8aa89.txt,28,2048,908
test,data/preprocessed_detection/test/images/train_242_png.rf.b0c72323a01600ecb25af43155078f0f.jpg,data/preprocessed_detection/test/labels/train_242_png.rf.b0c72323a01600ecb25af43155078f0f.txt,6,2048,915
test,data/preprocessed_detection/test/images/train_246_png.rf.f0160d090ab810b15fec0b33e74ca681.jpg,data/preprocessed_detection/test/labels/train_246_png.rf.f0160d090ab810b15fec0b33e74ca681.txt,28,2048,985
test,data/preprocessed_detection/test/images/train_249_png.rf.45ff9d354ee65ea838eab311b4d8456c.jpg,data/preprocessed_detection/test/labels/train_249_png.rf.45ff9d354ee65ea838eab311b4d8456c.txt,31,2048,901
test,data/preprocessed_detection/test/images/train_24_png.rf.3bbf6de9e84d7ee9307c78ca40293c7e.jpg,data/preprocessed_detection/test/labels/train_24_png.rf.3bbf6de9e84d7ee9307c78ca40293c7e.txt,32,2048,989
test,data/preprocessed_detection/test/images/train_254_png.rf.4ae1951b12717879dba92e9bafa93bf1.jpg,data/preprocessed_detection/test/labels/train_254_png.rf.4ae1951b12717879dba92e9bafa93bf1.txt,31,2048,1072
test,data/preprocessed_detection/test/images/train_256_png.rf.9df1c85214613702fea282480112828c.jpg,data/preprocessed_detection/test/labels/train_256_png.rf.9df1c85214613702fea282480112828c.txt,28,2047,929
test,data/preprocessed_detection/test/images/train_25_png.rf.e93aac11eee51accf1efe2c035eb4fa5.jpg,data/preprocessed_detection/test/labels/train_25_png.rf.e93aac11eee51accf1efe2c035eb4fa5.txt,27,2048,909
test,data/preprocessed_detection/test/images/train_262_png.rf.c0d90d58a8c04b45d50b28bc636cf780.jpg,data/preprocessed_detection/test/labels/train_262_png.rf.c0d90d58a8c04b45d50b28bc636cf780.txt,29,2048,930
test,data/preprocessed_detection/test/images/train_266_png.rf.409f725b5047c8f074315db4a4a4f008.jpg,data/preprocessed_detection/test/labels/train_266_png.rf.409f725b5047c8f074315db4a4a4f008.txt,29,2048,948
test,data/preprocessed_detection/test/images/train_27_png.rf.23b3c90f5a95b15fb8f9da99fe235cf2.jpg,data/preprocessed_detection/test/labels/train_27_png.rf.23b3c90f5a95b15fb8f9da99fe235cf2.txt,28,2048,945
test,data/preprocessed_detection/test/images/train_280_png.rf.4b22a1d6bc944d4cfddfa7fca392e89e.jpg,data/preprocessed_detection/test/labels/train_280_png.rf.4b22a1d6bc944d4cfddfa7fca392e89e.txt,31,2048,901
test,data/preprocessed_detection/test/images/train_282_png.rf.a8511b2f05bf10fdf59cd146cc10aab7.jpg,data/preprocessed_detection/test/labels/train_282_png.rf.a8511b2f05bf10fdf59cd146cc10aab7.txt,32,2048,1072
test,data/preprocessed_detection/test/images/train_29_png.rf.5a89fc20769a70a278892284e17307ae.jpg,data/preprocessed_detection/test/labels/train_29_png.rf.5a89fc20769a70a278892284e17307ae.txt,28,2048,901
test,data/preprocessed_detection/test/images/train_300_png.rf.b72e9e2f4c708e38c5f9003b74387d0b.jpg,data/preprocessed_detection/test/labels/train_300_png.rf.b72e9e2f4c708e38c5f9003b74387d0b.txt,32,2048,922
test,data/preprocessed_detection/test/images/train_303_png.rf.87785eeedeacf2312bb3552c153a8e60.jpg,data/preprocessed_detection/test/labels/train_303_png.rf.87785eeedeacf2312bb3552c153a8e60.txt,32,2048,949
test,data/preprocessed_detection/test/images/train_307_png.rf.001585aa65a057d0fe62ae03dd349235.jpg,data/preprocessed_detection/test/labels/train_307_png.rf.001585aa65a057d0fe62ae03dd349235.txt,31,2048,1073
test,data/preprocessed_detection/test/images/train_30_png.rf.db43598b1f722f56560d62bb57314d9e.jpg,data/preprocessed_detection/test/labels/train_30_png.rf.db43598b1f722f56560d62bb57314d9e.txt,28,2048,944
test,data/preprocessed_detection/test/images/train_312_png.rf.80e531d3b5cba6a4500b2d199af43b68.jpg,data/preprocessed_detection/test/labels/train_312_png.rf.80e531d3b5cba6a4500b2d199af43b68.txt,25,2048,1073
test,data/preprocessed_detection/test/images/train_314_png.rf.17b6d0814f7afa6814d5ecf4db9b8e2c.jpg,data/preprocessed_detection/test/labels/train_314_png.rf.17b6d0814f7afa6814d5ecf4db9b8e2c.txt,31,2048,912
test,data/preprocessed_detection/test/images/train_320_png.rf.b30fc5850a6125999a65291c2f38f209.jpg,data/preprocessed_detection/test/labels/train_320_png.rf.b30fc5850a6125999a65291c2f38f209.txt,28,2048,993
test,data/preprocessed_detection/test/images/train_331_png.rf.39041e3ce6bd1bed4b603f0b686b3c4d.jpg,data/preprocessed_detection/test/labels/train_331_png.rf.39041e3ce6bd1bed4b603f0b686b3c4d.txt,23,2048,953
test,data/preprocessed_detection/test/images/train_332_png.rf.4306957129a1384da05c7424bac915fa.jpg,data/preprocessed_detection/test/labels/train_332_png.rf.4306957129a1384da05c7424bac915fa.txt,25,2048,908
test,data/preprocessed_detection/test/images/train_347_png.rf.196e7e66fed1ae7d8ecdb1794676012c.jpg,data/preprocessed_detection/test/labels/train_347_png.rf.196e7e66fed1ae7d8ecdb1794676012c.txt,32,2048,967
test,data/preprocessed_detection/test/images/train_348_png.rf.6b04a3f7278feaca04de58a770e3764c.jpg,data/preprocessed_detection/test/labels/train_348_png.rf.6b04a3f7278feaca04de58a770e3764c.txt,27,2048,901
test,data/preprocessed_detection/test/images/train_359_png.rf.70b6a9e8359e2182c08596ce3378438a.jpg,data/preprocessed_detection/test/labels/train_359_png.rf.70b6a9e8359e2182c08596ce3378438a.txt,31,2048,903
test,data/preprocessed_detection/test/images/train_35_png.rf.9e463a10e98cc309a9edced5bb4924a1.jpg,data/preprocessed_detection/test/labels/train_35_png.rf.9e463a10e98cc309a9edced5bb4924a1.txt,32,2048,934
test,data/preprocessed_detection/test/images/train_369_png.rf.a0908962bfe90e998e41a081b04eb8e0.jpg,data/preprocessed_detection/test/labels/train_369_png.rf.a0908962bfe90e998e41a081b04eb8e0.txt,31,2048,957
test,data/preprocessed_detection/test/images/train_374_png.rf.d8c8a2603da4a8354482822f52c029db.jpg,data/preprocessed_detection/test/labels/train_374_png.rf.d8c8a2603da4a8354482822f52c029db.txt,30,2048,936
test,data/preprocessed_detection/test/images/train_376_png.rf.96890c8d5896eaa093504250962ac41c.jpg,data/preprocessed_detection/test/labels/train_376_png.rf.96890c8d5896eaa093504250962ac41c.txt,26,2048,958
test,data/preprocessed_detection/test/images/train_379_png.rf.eef2787c1a6c8504df60c7cc8d6a068a.jpg,data/preprocessed_detection/test/labels/train_379_png.rf.eef2787c1a6c8504df60c7cc8d6a068a.txt,28,2048,924
test,data/preprocessed_detection/test/images/train_380_png.rf.2cc10c9c985baab05515d723c695cae4.jpg,data/preprocessed_detection/test/labels/train_380_png.rf.2cc10c9c985baab05515d723c695cae4.txt,28,2048,948
test,data/preprocessed_detection/test/images/train_381_png.rf.3fa1f24df1348d040b91b239dbb5e119.jpg,data/preprocessed_detection/test/labels/train_381_png.rf.3fa1f24df1348d040b91b239dbb5e119.txt,30,1976,976
test,data/preprocessed_detection/test/images/train_385_png.rf.c555653b39b1c1062c44164ded38ebf6.jpg,data/preprocessed_detection/test/labels/train_385_png.rf.c555653b39b1c1062c44164ded38ebf6.txt,30,2047,916
test,data/preprocessed_detection/test/images/train_389_png.rf.d9769e8f5b18730cbf31677f6cf53d43.jpg,data/preprocessed_detection/test/labels/train_389_png.rf.d9769e8f5b18730cbf31677f6cf53d43.txt,23,2048,920
test,data/preprocessed_detection/test/images/train_396_png.rf.48df228ef9d0b6a024780cb4d6c51747.jpg,data/preprocessed_detection/test/labels/train_396_png.rf.48df228ef9d0b6a024780cb4d6c51747.txt,31,2048,1073
test,data/preprocessed_detection/test/images/train_417_png.rf.89fa90f08400a876f6f6c035fad86cd9.jpg,data/preprocessed_detection/test/labels/train_417_png.rf.89fa90f08400a876f6f6c035fad86cd9.txt,31,2048,1072
test,data/preprocessed_detection/test/images/train_418_png.rf.3bc46d55eff60934ef12285d8d39b23b.jpg,data/preprocessed_detection/test/labels/train_418_png.rf.3bc46d55eff60934ef12285d8d39b23b.txt,27,2048,905
test,data/preprocessed_detection/test/images/train_423_png.rf.5ab013d5dcec1ff3f7a6c1c61697f307.jpg,data/preprocessed_detection/test/labels/train_423_png.rf.5ab013d5dcec1ff3f7a6c1c61697f307.txt,29,2048,953
test,data/preprocessed_detection/test/images/train_432_png.rf.1e7a932701184a94ef6c642c0a0b5245.jpg,data/preprocessed_detection/test/labels/train_432_png.rf.1e7a932701184a94ef6c642c0a0b5245.txt,29,2048,953
test,data/preprocessed_detection/test/images/train_43_png.rf.a0dc2a2e3f7d7093873e3c74100288aa.jpg,data/preprocessed_detection/test/labels/train_43_png.rf.a0dc2a2e3f7d7093873e3c74100288aa.txt,26,2048,976
test,data/preprocessed_detection/test/images/train_444_png.rf.49b7f60439e69abeef0e7e4f5548229c.jpg,data/preprocessed_detection/test/labels/train_444_png.rf.49b7f60439e69abeef0e7e4f5548229c.txt,23,2048,966
test,data/preprocessed_detection/test/images/train_452_png.rf.92f3df1891164d741a3b378595bfe84f.jpg,data/preprocessed_detection/test/labels/train_452_png.rf.92f3df1891164d741a3b378595bfe84f.txt,28,2048,932
test,data/preprocessed_detection/test/images/train_455_png.rf.8d24bfb4161bdb933b0dc10576c35946.jpg,data/preprocessed_detection/test/labels/train_455_png.rf.8d24bfb4161bdb933b0dc10576c35946.txt,27,2048,964
test,data/preprocessed_detection/test/images/train_457_png.rf.75181df1c426edf3728532ac8cf27cad.jpg,data/preprocessed_detection/test/labels/train_457_png.rf.75181df1c426edf3728532ac8cf27cad.txt,29,2048,982
test,data/preprocessed_detection/test/images/train_458_png.rf.611b77511fd0abfb4c3d1ff11b85f09c.jpg,data/preprocessed_detection/test/labels/train_458_png.rf.611b77511fd0abfb4c3d1ff11b85f09c.txt,28,2048,897
test,data/preprocessed_detection/test/images/train_463_png.rf.2a21e8b9c8242804e56731163ac44ac9.jpg,data/preprocessed_detection/test/labels/train_463_png.rf.2a21e8b9c8242804e56731163ac44ac9.txt,29,2048,987
test,data/preprocessed_detection/test/images/train_465_png.rf.6f8c9d06203bba7d91058c71850de1b3.jpg,data/preprocessed_detection/test/labels/train_465_png.rf.6f8c9d06203bba7d91058c71850de1b3.txt,30,2048,973
test,data/preprocessed_detection/test/images/train_469_png.rf.70b4085671873756a228d5813c40b4d6.jpg,data/preprocessed_detection/test/labels/train_469_png.rf.70b4085671873756a228d5813c40b4d6.txt,32,2048,917
test,data/preprocessed_detection/test/images/train_472_png.rf.b26fc08cea6e6bca676c269762c80e15.jpg,data/preprocessed_detection/test/labels/train_472_png.rf.b26fc08cea6e6bca676c269762c80e15.txt,26,2048,1072
test,data/preprocessed_detection/test/images/train_473_png.rf.2531d4396559c155e87ffc0124343d00.jpg,data/preprocessed_detection/test/labels/train_473_png.rf.2531d4396559c155e87ffc0124343d00.txt,27,2048,1073
test,data/preprocessed_detection/test/images/train_485_png.rf.502e9a129d8ba30e741966b6ccd0445c.jpg,data/preprocessed_detection/test/labels/train_485_png.rf.502e9a129d8ba30e741966b6ccd0445c.txt,28,2048,898
test,data/preprocessed_detection/test/images/train_48_png.rf.280c78619e53bddf6a060382d0c9ebf0.jpg,data/preprocessed_detection/test/labels/train_48_png.rf.280c78619e53bddf6a060382d0c9ebf0.txt,29,2048,935
test,data/preprocessed_detection/test/images/train_502_png.rf.25fb933f39083c9c372cb5ffd7902616.jpg,data/preprocessed_detection/test/labels/train_502_png.rf.25fb933f39083c9c372cb5ffd7902616.txt,29,2048,905
test,data/preprocessed_detection/test/images/train_503_png.rf.79dcbe5afaaf38211c444a8731a9252f.jpg,data/preprocessed_detection/test/labels/train_503_png.rf.79dcbe5afaaf38211c444a8731a9252f.txt,29,2047,910
test,data/preprocessed_detection/test/images/train_52_png.rf.954706ee5ee56ab22d00ce9d1af80303.jpg,data/preprocessed_detection/test/labels/train_52_png.rf.954706ee5ee56ab22d00ce9d1af80303.txt,21,2048,921
test,data/preprocessed_detection/test/images/train_532_png.rf.100a8e11bf20ed4887481dcdbddaa0c1.jpg,data/preprocessed_detection/test/labels/train_532_png.rf.100a8e11bf20ed4887481dcdbddaa0c1.txt,28,2048,932
test,data/preprocessed_detection/test/images/train_540_png.rf.2cb2807865d0026cd836209ce2adc792.jpg,data/preprocessed_detection/test/labels/train_540_png.rf.2cb2807865d0026cd836209ce2adc792.txt,32,2048,1072
test,data/preprocessed_detection/test/images/train_542_png.rf.5181c077ed1037d1eab4a6be7a4c5098.jpg,data/preprocessed_detection/test/labels/train_542_png.rf.5181c077ed1037d1eab4a6be7a4c5098.txt,31,2048,1073
test,data/preprocessed_detection/test/images/train_543_png.rf.8e31d27dfef459a094dd48a089272536.jpg,data/preprocessed_detection/test/labels/train_543_png.rf.8e31d27dfef459a094dd48a089272536.txt,31,2048,1073
test,data/preprocessed_detection/test/images/train_548_png.rf.f7467ce23430b9767b0a1e8843a22728.jpg,data/preprocessed_detection/test/labels/train_548_png.rf.f7467ce23430b9767b0a1e8843a22728.txt,32,1976,976
test,data/preprocessed_detection/test/images/train_558_png.rf.41b35032d4cbe8b066451f880f4a78f5.jpg,data/preprocessed_detection/test/labels/train_558_png.rf.41b35032d4cbe8b066451f880f4a78f5.txt,29,2048,914
test,data/preprocessed_detection/test/images/train_574_png.rf.e1ec54c2b3e21efb375f6859d87de65a.jpg,data/preprocessed_detection/test/labels/train_574_png.rf.e1ec54c2b3e21efb375f6859d87de65a.txt,29,2048,912
test,data/preprocessed_detection/test/images/train_575_png.rf.05d87dbb7aff41298f5c678d46fac8e4.jpg,data/preprocessed_detection/test/labels/train_575_png.rf.05d87dbb7aff41298f5c678d46fac8e4.txt,29,2048,901
test,data/preprocessed_detection/test/images/train_579_png.rf.60b5ae31143ebb177e5440351fc3d06e.jpg,data/preprocessed_detection/test/labels/train_579_png.rf.60b5ae31143ebb177e5440351fc3d06e.txt,29,1976,976
test,data/preprocessed_detection/test/images/train_582_png.rf.d8b513ee2f8bfb9b5a757a25d408983f.jpg,data/preprocessed_detection/test/labels/train_582_png.rf.d8b513ee2f8bfb9b5a757a25d408983f.txt,28,2048,915
test,data/preprocessed_detection/test/images/train_585_png.rf.3c0cf75486747173f52702ef22b5b858.jpg,data/preprocessed_detection/test/labels/train_585_png.rf.3c0cf75486747173f52702ef22b5b858.txt,31,2048,921
test,data/preprocessed_detection/test/images/train_586_png.rf.18773af6890b4227fbc6cd0043934f69.jpg,data/preprocessed_detection/test/labels/train_586_png.rf.18773af6890b4227fbc6cd0043934f69.txt,30,2047,943
test,data/preprocessed_detection/test/images/train_587_png.rf.1496ddeac67f69ff18bace064c78613a.jpg,data/preprocessed_detection/test/labels/train_587_png.rf.1496ddeac67f69ff18bace064c78613a.txt,18,2048,923
test,data/preprocessed_detection/test/images/train_588_png.rf.c3469624322ddc40ccdc57ba139b5595.jpg,data/preprocessed_detection/test/labels/train_588_png.rf.c3469624322ddc40ccdc57ba139b5595.txt,32,2047,929
test,data/preprocessed_detection/test/images/train_589_png.rf.5dcde014423a9e39b63e78a23a74c55d.jpg,data/preprocessed_detection/test/labels/train_589_png.rf.5dcde014423a9e39b63e78a23a74c55d.txt,23,1976,976
test,data/preprocessed_detection/test/images/train_590_png.rf.96873f2bc4193fe0ec7d99ed4c702870.jpg,data/preprocessed_detection/test/labels/train_590_png.rf.96873f2bc4193fe0ec7d99ed4c702870.txt,25,2047,900
test,data/preprocessed_detection/test/images/train_595_png.rf.48a9d8284ae0b1402391e0bf452dce94.jpg,data/preprocessed_detection/test/labels/train_595_png.rf.48a9d8284ae0b1402391e0bf452dce94.txt,32,2047,916
test,data/preprocessed_detection/test/images/train_59_png.rf.0573740ad897accbd96ba66656275259.jpg,data/preprocessed_detection/test/labels/train_59_png.rf.0573740ad897accbd96ba66656275259.txt,32,2048,901
test,data/preprocessed_detection/test/images/train_606_png.rf.ce4b8840a930709b64c7588c697ca8bc.jpg,data/preprocessed_detection/test/labels/train_606_png.rf.ce4b8840a930709b64c7588c697ca8bc.txt,30,2048,947
test,data/preprocessed_detection/test/images/train_610_png.rf.5561a82bd09d014b7f256221c13aa1be.jpg,data/preprocessed_detection/test/labels/train_610_png.rf.5561a82bd09d014b7f256221c13aa1be.txt,31,2048,972
test,data/preprocessed_detection/test/images/train_611_png.rf.48a263d68db150cd2e5882763497f87f.jpg,data/preprocessed_detection/test/labels/train_611_png.rf.48a263d68db150cd2e5882763497f87f.txt,31,2048,947
test,data/preprocessed_detection/test/images/train_613_png.rf.127cf0b27c1b4b520e48474710d73ba3.jpg,data/preprocessed_detection/test/labels/train_613_png.rf.127cf0b27c1b4b520e48474710d73ba3.txt,31,2048,909
test,data/preprocessed_detection/test/images/train_615_png.rf.278860c6f69dd16d48fe109cf51c0a7d.jpg,data/preprocessed_detection/test/labels/train_615_png.rf.278860c6f69dd16d48fe109cf51c0a7d.txt,28,2048,928
test,data/preprocessed_detection/test/images/train_619_png.rf.f3c9602b1bebe661f4a869d235d8ebe7.jpg,data/preprocessed_detection/test/labels/train_619_png.rf.f3c9602b1bebe661f4a869d235d8ebe7.txt,32,2048,942
test,data/preprocessed_detection/test/images/train_625_png.rf.13bd123915ad215c0d6a82f548ee94e7.jpg,data/preprocessed_detection/test/labels/train_625_png.rf.13bd123915ad215c0d6a82f548ee94e7.txt,29,2047,980
test,data/preprocessed_detection/test/images/train_628_png.rf.d0afff7f89f14afe28e95a0f518626f5.jpg,data/preprocessed_detection/test/labels/train_628_png.rf.d0afff7f89f14afe28e95a0f518626f5.txt,32,2048,1072
test,data/preprocessed_detection/test/images/train_62_png.rf.6a0917017ebe7124596a973ca8ce0048.jpg,data/preprocessed_detection/test/labels/train_62_png.rf.6a0917017ebe7124596a973ca8ce0048.txt,29,2048,964
test,data/preprocessed_detection/test/images/train_633_png.rf.cf4367649fb1c7490dc22bd72e068c58.jpg,data/preprocessed_detection/test/labels/train_633_png.rf.cf4367649fb1c7490dc22bd72e068c58.txt,30,2047,929
test,data/preprocessed_detection/test/images/train_63_png.rf.4d80b7730b072c4bdd2c68fbef011d73.jpg,data/preprocessed_detection/test/labels/train_63_png.rf.4d80b7730b072c4bdd2c68fbef011d73.txt,31,2048,1009
test,data/preprocessed_detection/test/images/train_64_png.rf.dcb553a95e1f2c4cbe64354cac9678d4.jpg,data/preprocessed_detection/test/labels/train_64_png.rf.dcb553a95e1f2c4cbe64354cac9678d4.txt,32,2048,943
test,data/preprocessed_detection/test/images/train_75_png.rf.af45ede890e6a8cd824d09fe5cfb8de7.jpg,data/preprocessed_detection/test/labels/train_75_png.rf.af45ede890e6a8cd824d09fe5cfb8de7.txt,29,1976,976
test,data/preprocessed_detection/test/images/train_79_png.rf.2c124abbd227e1daf9bbb7b41f4d0383.jpg,data/preprocessed_detection/test/labels/train_79_png.rf.2c124abbd227e1daf9bbb7b41f4d0383.txt,27,2048,1072
test,data/preprocessed_detection/test/images/train_84_png.rf.9f2abd2b0f431f8af0c5a1116d90b141.jpg,data/preprocessed_detection/test/labels/train_84_png.rf.9f2abd2b0f431f8af0c5a1116d90b141.txt,24,2048,911
test,data/preprocessed_detection/test/images/train_85_png.rf.18231a1a22a4fcda39f88de43480e408.jpg,data/preprocessed_detection/test/labels/train_85_png.rf.18231a1a22a4fcda39f88de43480e408.txt,27,2048,922
test,data/preprocessed_detection/test/images/train_88_png.rf.8451412209254ef909b217239cbcb2e5.jpg,data/preprocessed_detection/test/labels/train_88_png.rf.8451412209254ef909b217239cbcb2e5.txt,32,2048,1006
test,data/preprocessed_detection/test/images/train_89_png.rf.3a38576aee91c41da15186d03150400b.jpg,data/preprocessed_detection/test/labels/train_89_png.rf.3a38576aee91c41da15186d03150400b.txt,31,2048,904
test,data/preprocessed_detection/test/images/train_90_png.rf.b35169b17268fe9e26106ae5fd4a5b79.jpg,data/preprocessed_detection/test/labels/train_90_png.rf.b35169b17268fe9e26106ae5fd4a5b79.txt,25,2048,947
test,data/preprocessed_detection/test/images/train_99_png.rf.f1daf3fbb6e14253b83f511c673fe757.jpg,data/preprocessed_detection/test/labels/train_99_png.rf.f1daf3fbb6e14253b83f511c673fe757.txt,27,2048,995
